name;id;alternate_url;from;to;employer_name;schedule;employment;experience
Специалист по компьютерному зрению;31594929;https://hh.ru/vacancy/31594929;75000;75000;Новые Решения;Сменный график;Проектная работа;От 1 года до 3 лет
Senior Computer Vision Specialist;31618692;https://hh.ru/vacancy/31618692;215000;260000;Saifer;Полный день;Полная занятость;Более 6 лет
Data scientist;31591317;https://hh.ru/vacancy/31591317;195000;195000;Staff-UP Consulting Group;Гибкий график;Полная занятость;От 1 года до 3 лет
Senior Data Scientist;29523761;https://hh.ru/vacancy/29523761;180000;180000;JetBrains;Полный день;Полная занятость;От 3 до 6 лет
Старший/ведущий научный сотрудник сектора НИОКР;30251073;https://hh.ru/vacancy/30251073;57000;69000;Тидекс ( Tydex );Полный день;Полная занятость;Более 6 лет
Senior Machine Learning Engineer;31110828;https://hh.ru/vacancy/31110828;193000;289000;Giant;Полный день;Полная занятость;От 3 до 6 лет
Алгоритмист/программист (С++);31628120;https://hh.ru/vacancy/31628120;115000;115000;НТЦ Электрозонд;Полный день;Полная занятость;От 3 до 6 лет
Научный сотрудник;30312762;https://hh.ru/vacancy/30312762;63000;63000;Витал;Полный день;Полная занятость;От 3 до 6 лет
Data Scientist/ML engineer;31499507;https://hh.ru/vacancy/31499507;100000;100000;Университет ИТМО;Полный день;Полная занятость;От 1 года до 3 лет
Инженер-разработчик С++ (OpenCV);31510041;https://hh.ru/vacancy/31510041;92000;287000;iVariant;Гибкий график;Полная занятость;От 3 до 6 лет
Data scientist;31140976;https://hh.ru/vacancy/31140976;115000;115000;Devim;Полный день;Полная занятость;От 3 до 6 лет
Разработчик-исследователь в области искусственного интеллекта / Data Scientist;29816624;https://hh.ru/vacancy/29816624;80000;80000;Университет ИТМО;Полный день;Полная занятость;От 1 года до 3 лет
Аналитик больших данных - Data Scientist;31452125;https://hh.ru/vacancy/31452125;92000;115000;Нмаркет.ПРО;Полный день;Полная занятость;Нет опыта
Computer Vision Engineer;31263860;https://hh.ru/vacancy/31263860;200000;250000;Имиджайз Девелопмент Групп;Полный день;Полная занятость;От 3 до 6 лет
Data Scientist;30975631;https://hh.ru/vacancy/30975631;138000;138000;Специальный Технологический Центр;Полный день;Полная занятость;От 3 до 6 лет
Junior Quantitative Researcher;31603907;https://hh.ru/vacancy/31603907;100000;140000;DataFork;Полный день;Полная занятость;Нет опыта
Machine Learning Engineer;31264114;https://hh.ru/vacancy/31264114;150000;250000;Имиджайз Девелопмент Групп;Полный день;Полная занятость;От 3 до 6 лет
Автор научных работ (MATLAB);30295576;https://hh.ru/vacancy/30295576;34000;103000;Homework;Удаленная работа;Частичная занятость;Нет опыта
Автор работ по теории алгоритмов;31548078;https://hh.ru/vacancy/31548078;0;103000;Homework;Удаленная работа;Частичная занятость;Нет опыта
Data Scientist;31167007;https://hh.ru/vacancy/31167007;115000;149000;ДИДЖИТАЛ ТРЕЙД СОЛЮШНС;Полный день;Полная занятость;От 3 до 6 лет
Научный сотрудник;31501934;https://hh.ru/vacancy/31501934;60000;60000;Фрактал Био;Полный день;Полная занятость;Более 6 лет
Research and Development/Principal Researcher, Team Leader;31508071;https://hh.ru/vacancy/31508071;200000;200000;Университет ИТМО;Полный день;Полная занятость;Более 6 лет
Исследователь-стажер;31132458;https://hh.ru/vacancy/31132458;25000;25000;Университет ИТМО;Гибкий график;Стажировка;Нет опыта
Research Engineer;30007590;https://hh.ru/vacancy/30007590;230000;230000;JetBrains;Полный день;Полная занятость;От 3 до 6 лет
Научный сотрудник (Компьютерное моделирование и прогнозирование в финансовой сфере);29636429;https://hh.ru/vacancy/29636429;100000;100000;Университет ИТМО;Полный день;Полная занятость;От 3 до 6 лет
Computational Linguist - German / Spanish / Italian / French (Machine Translation);31580541;https://hh.ru/vacancy/31580541;80000;80000;Дом Программ;Полный день;Полная занятость;От 1 года до 3 лет
Научный сотрудник PostDoc (Разработка концепции современных практик управления музеями);31191735;https://hh.ru/vacancy/31191735;70000;70000;Национальный исследовательский университет «Высшая школа экономики»;Полный день;Полная занятость;От 3 до 6 лет
Senior Machine Learning Engineer (вакансия на Кипре);30541537;https://hh.ru/vacancy/30541537;331000;414000;MetaQuotes Software Corp.;Полный день;Полная занятость;Более 6 лет
Научный сотрудник;31347442;https://hh.ru/vacancy/31347442;13000;100000;ВНИИПД-Филиал ФГБНУ ФНЦ пищевых систем им В.М.Горбатова РАН;Полный день;Полная занятость;Более 6 лет
Аналитик-математик (Operations research analyst);31464784;https://hh.ru/vacancy/31464784;138000;138000;БиАйЭй-Технолоджиз;Полный день;Полная занятость;От 3 до 6 лет
Specialist Research and Development (Анализ и моделирование социальных сетей);27942058;https://hh.ru/vacancy/27942058;75000;75000;Университет ИТМО;Полный день;Полная занятость;От 3 до 6 лет
AI Machine Learning Engineer;30310431;https://hh.ru/vacancy/30310431;172000;172000;Рекон Групп;Полный день;Полная занятость;От 1 года до 3 лет
Researcher со знанием английского языка;30816310;https://hh.ru/vacancy/30816310;46000;46000;Vostock Capital (UK) Ltd;Полный день;Полная занятость;Нет опыта
Ведущий программист ГИС;28430923;https://hh.ru/vacancy/28430923;100000;100000;Институт телекоммуникаций;Полный день;Полная занятость;От 3 до 6 лет
Ведущий инженер ГИС;28430586;https://hh.ru/vacancy/28430586;100000;100000;Институт телекоммуникаций;Полный день;Полная занятость;От 3 до 6 лет
IOS developer;31389511;https://hh.ru/vacancy/31389511;138000;138000;БИАРУМ;Полный день;Полная занятость;От 3 до 6 лет
Senior Python разработчик;31593612;https://hh.ru/vacancy/31593612;150000;200000;Redsteep;Удаленная работа;Полная занятость;От 3 до 6 лет
Инженер-схемотехник;29942204;https://hh.ru/vacancy/29942204;75000;80000;СТАЛТ;Полный день;Полная занятость;От 3 до 6 лет
Научный сотрудник PostDoc в области 3D лазерной нанолитографии;30167260;https://hh.ru/vacancy/30167260;115000;115000;Университет ИТМО;Полный день;Полная занятость;Нет опыта
JavaScript Developer;31592062;https://hh.ru/vacancy/31592062;83000;122000;Developer Soft;Полный день;Полная занятость;От 1 года до 3 лет
Junior Developer;31591989;https://hh.ru/vacancy/31591989;58000;83000;Developer Soft;Полный день;Полная занятость;Нет опыта
.Net Senior Developer;31580667;https://hh.ru/vacancy/31580667;138000;138000;Дом Программ;Полный день;Полная занятость;От 3 до 6 лет
PHP-разработчик;31591214;https://hh.ru/vacancy/31591214;115000;115000;Хедс анд Хендс;Полный день;Полная занятость;От 1 года до 3 лет
Инженер-видеопрограммист;30297910;https://hh.ru/vacancy/30297910;60000;100000;InTheSmart;Полный день;Полная занятость;От 3 до 6 лет
Аналитик;31529165;https://hh.ru/vacancy/31529165;75000;75000;Элисофт;Полный день;Полная занятость;От 1 года до 3 лет
Научный сотрудник PostDoc (Дизайн экономических механизмов: интернет-рынки);31194189;https://hh.ru/vacancy/31194189;70000;70000;Национальный исследовательский университет «Высшая школа экономики»;Полный день;Полная занятость;От 3 до 6 лет
Научный сотрудник PostDoc в Лабораторию сравнительных социальных исследований НИУ ВШЭ;31194288;https://hh.ru/vacancy/31194288;70000;70000;Национальный исследовательский университет «Высшая школа экономики»;Полный день;Полная занятость;От 3 до 6 лет
Младший научный сотрудник-аспирант (Междисциплинарные исследования в области гибридных наночастиц);31340735;https://hh.ru/vacancy/31340735;30000;30000;Университет ИТМО;Полный день;Полная занятость;От 1 года до 3 лет
Научный сотрудник PostDoc (Междисциплинарные исследования в области гибридных наночастиц);31340607;https://hh.ru/vacancy/31340607;100000;100000;Университет ИТМО;Полный день;Полная занятость;От 3 до 6 лет
Научный сотрудник PostDoc (Междисциплинарные исследования в области биофизики и биофотоники);31340511;https://hh.ru/vacancy/31340511;100000;100000;Университет ИТМО;Полный день;Полная занятость;От 3 до 6 лет
Научный сотрудник PostDoc (Междисциплинарные исследования в области металл-органических каркасов);31340368;https://hh.ru/vacancy/31340368;100000;100000;Университет ИТМО;Полный день;Полная занятость;От 3 до 6 лет
Android Разработчик;25777266;https://hh.ru/vacancy/25777266;115000;138000;АВТОР;Полный день;Полная занятость;От 3 до 6 лет
Senior .NET developer / Старший разработчик;26983093;https://hh.ru/vacancy/26983093;221000;221000;Broadridge;Полный день;Полная занятость;От 3 до 6 лет
Инженер АСУ ТП;31653979;https://hh.ru/vacancy/31653979;57000;57000;Энергия ТЭК;Полный день;Полная занятость;От 1 года до 3 лет
Junior C# Developer;31415913;https://hh.ru/vacancy/31415913;0;40000;Quest Software;Гибкий график;Частичная занятость;Нет опыта
Доцент кафедры акушерства и гинекологии;30312264;https://hh.ru/vacancy/30312264;92000;92000;Клиника акушерства и гинекологии имени А.Я. Крассовского Военно-медицинской академии имени С.М. Кирова;Полный день;Полная занятость;От 3 до 6 лет
Аналитик данных (медицинская информатика);31659211;https://hh.ru/vacancy/31659211;60000;60000;First Line Software;Гибкий график;Полная занятость;От 3 до 6 лет
Java разработчик (middle/senior);31231780;https://hh.ru/vacancy/31231780;138000;138000;ТекФорс Инжиниринг;Полный день;Полная занятость;От 3 до 6 лет
Программист С++;30652250;https://hh.ru/vacancy/30652250;69000;69000;Институт телекоммуникаций;Полный день;Полная занятость;От 3 до 6 лет
Front-end разработчик (Angular);31475092;https://hh.ru/vacancy/31475092;60000;90000;Геоскан;Полный день;Полная занятость;От 1 года до 3 лет
Senior C/C++/Java Software Engineer (JVM, Open Source);30493799;https://hh.ru/vacancy/30493799;150000;250000;Азул Системс;Полный день;Полная занятость;Более 6 лет
Middle PHP developer (Laravel);31474607;https://hh.ru/vacancy/31474607;80000;149000;B2Broker;Гибкий график;Полная занятость;От 1 года до 3 лет
Разработчик учебных материалов по физике;30337751;https://hh.ru/vacancy/30337751;40000;53000;Competentum;Удаленная работа;Проектная работа;Нет опыта
Старший программист (gamedev);31332718;https://hh.ru/vacancy/31332718;207000;287000;JoyCraft Games;Полный день;Полная занятость;От 3 до 6 лет
Ведущий Java-разработчик (Senior);31300041;https://hh.ru/vacancy/31300041;230000;230000;Смарт Лайн;Гибкий график;Полная занятость;От 3 до 6 лет
Научный сотрудник PostDoc (Исследования истории империй и национализма в глобальной перспективе);31194343;https://hh.ru/vacancy/31194343;70000;70000;Национальный исследовательский университет «Высшая школа экономики»;Полный день;Полная занятость;От 3 до 6 лет
Консультант-эксперт эксклюзивных марок косметики (уход люкс);29734289;https://hh.ru/vacancy/29734289;52000;52000;РИВ ГОШ, Сеть магазинов;Полный день;Полная занятость;От 1 года до 3 лет
Personal assistant (персональный ассистент);31650715;https://hh.ru/vacancy/31650715;46000;69000;Singlead;Удаленная работа;Полная занятость;От 1 года до 3 лет
Senior developer .NET/C#;30422015;https://hh.ru/vacancy/30422015;195000;195000;Fortis;Полный день;Полная занятость;От 3 до 6 лет
Главный инженер-конструктор проекта;31558750;https://hh.ru/vacancy/31558750;115000;115000;Корпорация Оборонные технологии;Полный день;Полная занятость;Более 6 лет
Инженер АСУТП / Cтарший инженер (технология/индустрия);31642855;https://hh.ru/vacancy/31642855;103000;172000;EFIX GROUP;Полный день;Полная занятость;От 3 до 6 лет
Process Engineer in Production Department / Инженер-технолог;31653434;https://hh.ru/vacancy/31653434;75000;75000;P&G Gillette;Полный день;Полная занятость;Нет опыта
Диспетчер;31643013;https://hh.ru/vacancy/31643013;29000;29000;Северная-Столица;Полный день;Полная занятость;Нет опыта
Разработчик (Java, Spring);31302948;https://hh.ru/vacancy/31302948;185000;258000;Inca Digital Securities;Удаленная работа;Полная занятость;От 3 до 6 лет
Software Engineer;30922373;https://hh.ru/vacancy/30922373;172000;172000;ALM Works;Гибкий график;Полная занятость;От 1 года до 3 лет
Ведущий инженер-конструктор по радиосвязи;31546978;https://hh.ru/vacancy/31546978;45000;80000;НИЦ Радиотехники;Полный день;Полная занятость;От 3 до 6 лет
Guest Services Agent/Ночной аудитор;31642926;https://hh.ru/vacancy/31642926;32000;35000;Hilton Hotels;Сменный график;Полная занятость;От 1 года до 3 лет
Специалист по мониторингу клинических исследований III;31414212;https://hh.ru/vacancy/31414212;130000;130000;X7 Research;Полный день;Полная занятость;От 1 года до 3 лет
Разработчик, исследователь ANDROID/iOS;15606611;https://hh.ru/vacancy/15606611;115000;115000;Специальный Технологический Центр;Полный день;Полная занятость;От 3 до 6 лет
Game developer (Roblox);31385929;https://hh.ru/vacancy/31385929;100000;200000;Силиз;Полный день;Полная занятость;От 3 до 6 лет
Инженер-программист;31568007;https://hh.ru/vacancy/31568007;69000;69000;Технические Системы и Технологии;Полный день;Полная занятость;От 3 до 6 лет
Senior Java/Kotlin Developer (Cloud integration);31189716;https://hh.ru/vacancy/31189716;230000;230000;JetBrains;Полный день;Полная занятость;От 3 до 6 лет
С++ разработчик;31625180;https://hh.ru/vacancy/31625180;126000;218000;HR-PROFI;Полный день;Полная занятость;От 3 до 6 лет
Java-разработчик/ исследователь;31289640;https://hh.ru/vacancy/31289640;40000;120000;Университет ИТМО;Гибкий график;Полная занятость;От 1 года до 3 лет
Senior C#. Net Developer;31293169;https://hh.ru/vacancy/31293169;221000;221000;HazelTree;Полный день;Полная занятость;От 3 до 6 лет
Full-Stack Developer (Autobahn Platform);31455628;https://hh.ru/vacancy/31455628;220000;220000;Deutsche Bank Technology Center;Гибкий график;Полная занятость;От 3 до 6 лет
Ведущий специалист по аналитике (ведение IT-проектов);31204313;https://hh.ru/vacancy/31204313;70000;70000;Машиностроительный завод «Арсенал»;Полный день;Полная занятость;От 1 года до 3 лет
Аналитик;24709443;https://hh.ru/vacancy/24709443;92000;92000;НПК КАТАРСИС;Полный день;Полная занятость;От 3 до 6 лет
Senior C++/C# Software Developer;31261956;https://hh.ru/vacancy/31261956;172000;264000;Quest Software;Гибкий график;Полная занятость;Более 6 лет
Java-разработчик (middle);30755483;https://hh.ru/vacancy/30755483;115000;115000;Смарт Лайн;Гибкий график;Полная занятость;От 3 до 6 лет
Front-end developer;31455780;https://hh.ru/vacancy/31455780;220000;220000;Deutsche Bank Technology Center;Гибкий график;Полная занятость;От 3 до 6 лет
Senior Infrastructure Java Engineer (Intellij IDEA);24140579;https://hh.ru/vacancy/24140579;230000;230000;JetBrains;Полный день;Полная занятость;От 3 до 6 лет
Водитель-механик;31130980;https://hh.ru/vacancy/31130980;35000;40000;Каршеринг Руссия;Сменный график;Полная занятость;От 3 до 6 лет
Программист C#;27908233;https://hh.ru/vacancy/27908233;130000;180000;АСКОН;Полный день;Полная занятость;От 3 до 6 лет
Senior Android developer / Ведущий Android разработчик;31206968;https://hh.ru/vacancy/31206968;270000;270000;Joom;Гибкий график;Полная занятость;От 3 до 6 лет
Java Developer (Educational Tools);26412575;https://hh.ru/vacancy/26412575;184000;184000;JetBrains;Полный день;Полная занятость;От 3 до 6 лет
Software Developer (IntelliJ IDEA, VCS Integration);30396237;https://hh.ru/vacancy/30396237;195000;195000;JetBrains;Гибкий график;Полная занятость;От 3 до 6 лет
Программист С# / .net / node JS / Angular JS / Java;31631643;https://hh.ru/vacancy/31631643;30000;200000;Ю.Би.Си;Полный день;Полная занятость;От 3 до 6 лет
Инженер-программист С++ (навигационное ПО);26791165;https://hh.ru/vacancy/26791165;100000;100000;Транзас;Полный день;Полная занятость;От 3 до 6 лет
Разработчик Python;30338206;https://hh.ru/vacancy/30338206;100000;100000;Транзас;Гибкий график;Полная занятость;От 3 до 6 лет
HR менеджер / Менеджер по персоналу;31524242;https://hh.ru/vacancy/31524242;46000;69000;Space School (ИП Николаев Ф.А.);Полный день;Полная занятость;От 1 года до 3 лет
Senior Python Developer (Кипр);31532776;https://hh.ru/vacancy/31532776;207000;207000;EOtradex;Гибкий график;Полная занятость;От 1 года до 3 лет
MS SQL Developer;31252237;https://hh.ru/vacancy/31252237;115000;115000;Devim;Полный день;Полная занятость;От 1 года до 3 лет
Руководитель проектов (НТЦ-2);30343559;https://hh.ru/vacancy/30343559;0;91000;НПО Завод Волна;Полный день;Полная занятость;От 3 до 6 лет
Ведущий- инженер РЭА (НТЦ-2);30344385;https://hh.ru/vacancy/30344385;0;78000;НПО Завод Волна;Полный день;Полная занятость;От 3 до 6 лет
Security Support Engineer;31479510;https://hh.ru/vacancy/31479510;149000;149000;JetBrains;Полный день;Полная занятость;От 3 до 6 лет
Программист С++ (в группу пространственной обработки сигналов);29441576;https://hh.ru/vacancy/29441576;80000;161000;Специальный Технологический Центр;Полный день;Полная занятость;От 1 года до 3 лет
Junior QA engineer / Тестировщик;31589411;https://hh.ru/vacancy/31589411;57000;57000;Staff-UP Consulting Group;Гибкий график;Полная занятость;От 1 года до 3 лет
Senior QA engineer / Тестировщик;31605207;https://hh.ru/vacancy/31605207;92000;92000;Staff-UP Consulting Group;Гибкий график;Полная занятость;От 1 года до 3 лет
Руководитель отдела аналитики;31590426;https://hh.ru/vacancy/31590426;184000;184000;Staff-UP Consulting Group;Гибкий график;Полная занятость;От 1 года до 3 лет
DevOps Specialist;31591371;https://hh.ru/vacancy/31591371;0;138000;Staff-UP Consulting Group;Гибкий график;Полная занятость;От 1 года до 3 лет
Инженер-программист С++ 3D визуализация;28900324;https://hh.ru/vacancy/28900324;180000;180000;Транзас;Полный день;Полная занятость;От 1 года до 3 лет
Разработчик PHP / JavaScript;31616782;https://hh.ru/vacancy/31616782;92000;149000;Виртуальные инфраструктуры предприятий;Полный день;Полная занятость;От 1 года до 3 лет
Data Engineer;31567666;https://hh.ru/vacancy/31567666;290000;290000;Volka Entertainment Limited;Полный день;Полная занятость;От 3 до 6 лет
Начинающий angular разработчик;25946396;https://hh.ru/vacancy/25946396;0;115000;ВЕБИМ.РУ;Гибкий график;Полная занятость;От 1 года до 3 лет
Начинающий фулл-стек разработчик;30777700;https://hh.ru/vacancy/30777700;34000;115000;ВЕБИМ.РУ;Гибкий график;Полная занятость;Нет опыта
Младший аналитик;31601204;https://hh.ru/vacancy/31601204;38000;38000;НПК КАТАРСИС;Полный день;Полная занятость;Нет опыта
Big Data инженер;30975541;https://hh.ru/vacancy/30975541;103000;103000;Специальный Технологический Центр;Гибкий график;Полная занятость;От 1 года до 3 лет
Разработчик баз данных;31617377;https://hh.ru/vacancy/31617377;180000;180000;Сбербанк;Полный день;Полная занятость;От 1 года до 3 лет
Backend-разработчик;31314107;https://hh.ru/vacancy/31314107;172000;172000;E-Contenta;Полный день;Полная занятость;От 3 до 6 лет
Middle C/C++/Java Software Engineer (JVM, Open Source);30775362;https://hh.ru/vacancy/30775362;100000;150000;Азул Системс;Полный день;Полная занятость;От 3 до 6 лет
Инженер-математик;31494722;https://hh.ru/vacancy/31494722;80000;80000;НИИ Вектор;Полный день;Полная занятость;От 3 до 6 лет
Инженер-электроник (программист);31404749;https://hh.ru/vacancy/31404749;52000;52000;МЕГАМАШ;Полный день;Полная занятость;От 1 года до 3 лет
Руководитель объектов(проектная работа);31500705;https://hh.ru/vacancy/31500705;69000;115000;«НЬЮТЭХ КОНСАЛТИНГ»;Полный день;Полная занятость;От 3 до 6 лет
Frontend-разработчик;31313073;https://hh.ru/vacancy/31313073;172000;172000;E-Contenta;Полный день;Полная занятость;От 3 до 6 лет
Специалист по цифровой/программной обработке аудио-сигнала;31097287;https://hh.ru/vacancy/31097287;69000;126000;ЭВРИКА, Санкт-Петербург;Полный день;Полная занятость;От 3 до 6 лет
Помощник руководителя сети студий маникюра;31600912;https://hh.ru/vacancy/31600912;23000;57000;Армия Кадров;Удаленная работа;Полная занятость;Нет опыта
Тестировщик / QA;31511101;https://hh.ru/vacancy/31511101;0;80000;AxisPoint Consulting;Полный день;Полная занятость;От 1 года до 3 лет
Инженер-конструктор (механик, электрик);29325961;https://hh.ru/vacancy/29325961;46000;57000;АО ЗАСЛОН;Полный день;Полная занятость;От 3 до 6 лет
Разработчик мобильных приложений для Android и iOS;31600404;https://hh.ru/vacancy/31600404;69000;138000;СП.АРМ;Полный день;Полная занятость;От 1 года до 3 лет
Кухонный работник;31596698;https://hh.ru/vacancy/31596698;46000;46000;JCat.ru;Вахтовый метод;Полная занятость;Нет опыта
Менеджер по работе с клиентами;31502588;https://hh.ru/vacancy/31502588;46000;57000;Саперкин Д.Л.;Полный день;Полная занятость;От 1 года до 3 лет
Front-end Developer;30720447;https://hh.ru/vacancy/30720447;120000;250000;Insolar;Полный день;Полная занятость;От 3 до 6 лет
IT-recruiter;31613506;https://hh.ru/vacancy/31613506;69000;172000;OPEN SERVICES;Полный день;Полная занятость;Нет опыта
Specialist (Agreements & Payments);31410427;https://hh.ru/vacancy/31410427;60000;65000;PSI Co Ltd.;Полный день;Полная занятость;От 1 года до 3 лет
Project Administrator;31410788;https://hh.ru/vacancy/31410788;46000;50000;PSI Co Ltd.;Полный день;Полная занятость;От 1 года до 3 лет
Инженер-программист (C#);31574826;https://hh.ru/vacancy/31574826;92000;92000;ТАЙПИТ, Торгово-промышленная группа;Полный день;Полная занятость;От 3 до 6 лет
Программист С++;31588318;https://hh.ru/vacancy/31588318;100000;100000;ДЖИ-ТИ ИНВЕСТ;Полный день;Полная занятость;От 3 до 6 лет
Контролер СМР;31529576;https://hh.ru/vacancy/31529576;34000;46000;СэтлСити;Сменный график;Полная занятость;Нет опыта
Инженер-программист 2 категории;31546318;https://hh.ru/vacancy/31546318;35000;70000;НИЦ Радиотехники;Полный день;Полная занятость;От 1 года до 3 лет
С++ Developer;28837191;https://hh.ru/vacancy/28837191;161000;161000;Риал Тайм Технологии;Полный день;Полная занятость;От 3 до 6 лет
Python Developer;30915889;https://hh.ru/vacancy/30915889;138000;138000;Риал Тайм Технологии;Полный день;Полная занятость;От 3 до 6 лет
Java Developer;30626628;https://hh.ru/vacancy/30626628;170000;170000;Сбербанк;Полный день;Полная занятость;От 3 до 6 лет
Разработчик JavaScript со знанием Java;30663712;https://hh.ru/vacancy/30663712;98000;98000;Сбербанк;Полный день;Полная занятость;От 1 года до 3 лет
Инженер-конструктор 2-1 категории ПБ«Автоматика» (расчетчик);30199686;https://hh.ru/vacancy/30199686;45000;60000;Климов;Полный день;Полная занятость;Нет опыта
Инженер-программист 3 категории;31551014;https://hh.ru/vacancy/31551014;34000;34000;Петербургский Метрополитен, государственное унитарное предприятие;Полный день;Полная занятость;От 1 года до 3 лет
Ведущий инженер-программист (С++);31548107;https://hh.ru/vacancy/31548107;42000;80000;НИЦ Радиотехники;Полный день;Полная занятость;От 3 до 6 лет
Программист С++;31560600;https://hh.ru/vacancy/31560600;80000;120000;Новел СПб;Полный день;Полная занятость;От 3 до 6 лет
Ведущий PHP-разработчик;30336943;https://hh.ru/vacancy/30336943;138000;207000;Zoon.ru;Гибкий график;Полная занятость;От 3 до 6 лет
Ведущий инженер-программист;31551821;https://hh.ru/vacancy/31551821;57000;57000;Петербургский Метрополитен, государственное унитарное предприятие;Полный день;Полная занятость;От 1 года до 3 лет
3D Graphics Engineer/Developer (in Finland);31559781;https://hh.ru/vacancy/31559781;216000;216000;We Got Talent OY;Полный день;Полная занятость;От 3 до 6 лет
Senior Front-end Developer (в Таллин, Эстония);31557104;https://hh.ru/vacancy/31557104;216000;360000;GMS Services;Полный день;Полная занятость;От 3 до 6 лет
Менеджер по импорту (контейнерные перевозки);31567236;https://hh.ru/vacancy/31567236;57000;57000;АРЕС;Полный день;Полная занятость;Более 6 лет
Разработчик научного ПО/прикладной математик;30982039;https://hh.ru/vacancy/30982039;70000;90000;Университет ИТМО;Полный день;Полная занятость;От 1 года до 3 лет
Начальник Инженерного центра;31547693;https://hh.ru/vacancy/31547693;60000;100000;НИЦ Радиотехники;Полный день;Полная занятость;От 3 до 6 лет
Разработчик С++/Qt;30506765;https://hh.ru/vacancy/30506765;138000;138000;Специальный Технологический Центр;Полный день;Полная занятость;От 3 до 6 лет
Печатник;31562513;https://hh.ru/vacancy/31562513;40000;40000;Брамел;Полный день;Полная занятость;Нет опыта
Программист-Разработчик С/С++ для встраиваемых систем;23228664;https://hh.ru/vacancy/23228664;115000;115000;Специальный Технологический Центр;Полный день;Полная занятость;От 3 до 6 лет
Специалист по продвижению канала Youtube;30605653;https://hh.ru/vacancy/30605653;80000;80000;Paris Nail;Полный день;Полная занятость;От 1 года до 3 лет
Программист С++;29442133;https://hh.ru/vacancy/29442133;80000;161000;Специальный Технологический Центр;Полный день;Полная занятость;От 1 года до 3 лет
Инженер АСУ;31550304;https://hh.ru/vacancy/31550304;63000;63000;Веза;Полный день;Полная занятость;От 3 до 6 лет
Ведущий программист микроконтроллеров;31548582;https://hh.ru/vacancy/31548582;42000;80000;НИЦ Радиотехники;Полный день;Полная занятость;От 3 до 6 лет
Senior Python Developer;31547395;https://hh.ru/vacancy/31547395;184000;287000;Investex Ltd;Полный день;Полная занятость;От 3 до 6 лет
Заместитель начальника планово-экономического отдела;31246518;https://hh.ru/vacancy/31246518;80000;90000;НИИ МАСШТАБ;Полный день;Полная занятость;От 3 до 6 лет
Ведущий инженер-программист (C/C++);31452205;https://hh.ru/vacancy/31452205;287000;287000;Авалон Технолоджис;Гибкий график;Полная занятость;От 3 до 6 лет
Программист;31120852;https://hh.ru/vacancy/31120852;70000;70000;Университет ИТМО;Полный день;Полная занятость;От 1 года до 3 лет
Менеджер - курьер;31534048;https://hh.ru/vacancy/31534048;17000;46000;ВРЕМЯ И ДОМ;Гибкий график;Частичная занятость;Нет опыта
Программист С++ (DSP);29440671;https://hh.ru/vacancy/29440671;80000;161000;Специальный Технологический Центр;Полный день;Полная занятость;От 1 года до 3 лет
Инженер-программист (навигационное обеспечение);28872942;https://hh.ru/vacancy/28872942;80000;103000;Специальный Технологический Центр;Полный день;Полная занятость;От 1 года до 3 лет
Quant Analyst / Трейдер-разработчик;31273408;https://hh.ru/vacancy/31273408;115000;115000;REVO Capital LLC;Удаленная работа;Полная занятость;От 1 года до 3 лет
PL/SQL разработчик;31520864;https://hh.ru/vacancy/31520864;138000;207000;Агентство 21 век, КЦ;Гибкий график;Полная занятость;От 3 до 6 лет
Кассир-операционист;31520213;https://hh.ru/vacancy/31520213;32000;48000;Байкал-Сервис;Полный день;Полная занятость;От 1 года до 3 лет
Стажер-программист PHP;31511863;https://hh.ru/vacancy/31511863;29000;57000;Могута;Полный день;Полная занятость;Нет опыта
Java-разработчик;29261321;https://hh.ru/vacancy/29261321;115000;115000;Наука;Полный день;Полная занятость;От 3 до 6 лет
Программист 1С;31503342;https://hh.ru/vacancy/31503342;40000;40000;Медтехника;Полный день;Полная занятость;От 1 года до 3 лет
Ведущий java-разработчик;29299673;https://hh.ru/vacancy/29299673;161000;161000;ДжейТи консалтинг;Гибкий график;Полная занятость;От 3 до 6 лет
Личный помощник руководителя;31512291;https://hh.ru/vacancy/31512291;34000;34000;ТехноНеруд;Полный день;Полная занятость;От 1 года до 3 лет
Доцент кафедры хореографического искусства;31534123;https://hh.ru/vacancy/31534123;12000;14000;РГПУ им. А.И. Герцена;Полный день;Частичная занятость;От 3 до 6 лет
Специалист по охране труда и пожарной безопасности;31516854;https://hh.ru/vacancy/31516854;80000;80000;Азбука вкуса;Полный день;Полная занятость;От 3 до 6 лет
Ведущий инженер по организации и нормированию труда;31110412;https://hh.ru/vacancy/31110412;40000;65000;Российский институт радионавигации и времени;Полный день;Полная занятость;От 3 до 6 лет
Доцент кафедры государственного права;31534180;https://hh.ru/vacancy/31534180;50000;57000;РГПУ им. А.И. Герцена;Полный день;Полная занятость;Более 6 лет
Доцент кафедры неорганической химии;31534145;https://hh.ru/vacancy/31534145;25000;28000;РГПУ им. А.И. Герцена;Полный день;Частичная занятость;От 3 до 6 лет
Доцент кафедры неорганической химии;31534132;https://hh.ru/vacancy/31534132;25000;28000;РГПУ им. А.И. Герцена;Полный день;Частичная занятость;От 3 до 6 лет
Доцент кафедры немецкой филологии;31534081;https://hh.ru/vacancy/31534081;25000;28000;РГПУ им. А.И. Герцена;Полный день;Частичная занятость;От 3 до 6 лет
Главная медицинская сестра;31450547;https://hh.ru/vacancy/31450547;0;80000;Медицинский Центр Города;Полный день;Полная занятость;Более 6 лет
Инженер-программист;31399015;https://hh.ru/vacancy/31399015;80000;80000;TopAssistant;Гибкий график;Полная занятость;Нет опыта
Специалист по подбору персонала (проект до декабря);31090479;https://hh.ru/vacancy/31090479;46000;57000;«НЬЮТЭХ КОНСАЛТИНГ»;Полный день;Полная занятость;От 1 года до 3 лет
Технический писатель;31463565;https://hh.ru/vacancy/31463565;46000;46000;Импульс-Автоматика;Полный день;Полная занятость;От 1 года до 3 лет
Менеджер по организации туристических услуг;30584357;https://hh.ru/vacancy/30584357;40000;45000;U24;Сменный график;Полная занятость;От 1 года до 3 лет
Инженер-конструктор ОРСС;28374433;https://hh.ru/vacancy/28374433;80000;80000;ЭВРИКА, Санкт-Петербург;Полный день;Полная занятость;От 1 года до 3 лет
Старший Java-разработчик;29299662;https://hh.ru/vacancy/29299662;126000;126000;ДжейТи консалтинг;Гибкий график;Полная занятость;От 3 до 6 лет
Senior Software Developer Kotlin (New Product);22794787;https://hh.ru/vacancy/22794787;230000;230000;JetBrains;Полный день;Полная занятость;От 3 до 6 лет
Software Developer Kotlin (New Product);29795697;https://hh.ru/vacancy/29795697;230000;230000;JetBrains;Полный день;Полная занятость;От 3 до 6 лет
Главный инженер;31483200;https://hh.ru/vacancy/31483200;60000;60000;Монолит Строй Компания;Полный день;Полная занятость;Более 6 лет
Junior java-разработчик;31448386;https://hh.ru/vacancy/31448386;78000;78000;Сбербанк;Полный день;Полная занятость;Нет опыта
Frontend-разработчик (React);31509472;https://hh.ru/vacancy/31509472;0;138000;AxisPoint Consulting;Полный день;Полная занятость;От 3 до 6 лет
QA Engineer (WebStorm);31107940;https://hh.ru/vacancy/31107940;172000;172000;JetBrains;Полный день;Полная занятость;От 3 до 6 лет
Инженер-программист С#;29700372;https://hh.ru/vacancy/29700372;103000;138000;Специальный Технологический Центр;Полный день;Полная занятость;От 3 до 6 лет
Инженер-программист (Qt/С++);30368343;https://hh.ru/vacancy/30368343;86000;86000;Специальный Технологический Центр;Полный день;Полная занятость;От 1 года до 3 лет
Инженер-программист Qt/C++ ( Junior );30368287;https://hh.ru/vacancy/30368287;75000;75000;Специальный Технологический Центр;Полный день;Полная занятость;От 1 года до 3 лет
Инженер-программист (Qt);25857243;https://hh.ru/vacancy/25857243;92000;172000;Специальный Технологический Центр;Полный день;Полная занятость;От 1 года до 3 лет
Инженер;28590458;https://hh.ru/vacancy/28590458;69000;69000;Специальный Технологический Центр;Полный день;Полная занятость;От 1 года до 3 лет
Программист С++/Qt;29441481;https://hh.ru/vacancy/29441481;80000;161000;Специальный Технологический Центр;Полный день;Полная занятость;От 1 года до 3 лет
Инженер-электроник;27076195;https://hh.ru/vacancy/27076195;60000;70000;Объединенные машиностроительные заводы;Полный день;Полная занятость;От 1 года до 3 лет
Разработчик распределенных систем;31383495;https://hh.ru/vacancy/31383495;100000;100000;Университет ИТМО;Полный день;Полная занятость;От 1 года до 3 лет
Разработчик распределенных систем хранения данных;27942038;https://hh.ru/vacancy/27942038;80000;80000;Университет ИТМО;Полный день;Полная занятость;От 1 года до 3 лет
Программист C/С++;30965572;https://hh.ru/vacancy/30965572;115000;115000;Специальный Технологический Центр;Полный день;Полная занятость;От 3 до 6 лет
Middle java-developer;31411211;https://hh.ru/vacancy/31411211;98000;98000;Сбербанк;Полный день;Полная занятость;От 1 года до 3 лет
Инженер-конструктор (силовая электроника);31058624;https://hh.ru/vacancy/31058624;69000;69000;НПК Морсвязьавтоматика;Полный день;Полная занятость;От 1 года до 3 лет
React разработчик;31455092;https://hh.ru/vacancy/31455092;69000;138000;Новые технологии;Удаленная работа;Полная занятость;От 1 года до 3 лет
Программист Python;30367698;https://hh.ru/vacancy/30367698;100000;100000;NETRIKA;Полный день;Полная занятость;От 1 года до 3 лет
Инженер-прочнист;31346276;https://hh.ru/vacancy/31346276;0;35000;Газэнергоэкспертиза;Полный день;Полная занятость;Нет опыта
Chief Technology Officer (CTO);31440405;https://hh.ru/vacancy/31440405;0;460000;Arloid Group LLC;Полный день;Полная занятость;Более 6 лет
Инженер-технолог пищевого производства (текучие вещества);31429559;https://hh.ru/vacancy/31429559;75000;75000;Единый Центр Кадров;Полный день;Полная занятость;От 3 до 6 лет
Инженер-программист АСУ ТП;31429544;https://hh.ru/vacancy/31429544;100000;100000;Единый Центр Кадров;Полный день;Полная занятость;От 3 до 6 лет
Ведущий программист;30652278;https://hh.ru/vacancy/30652278;120000;120000;Университет ИТМО;Полный день;Полная занятость;От 3 до 6 лет
Специалист по КДП;31425585;https://hh.ru/vacancy/31425585;0;46000;Митекс;Полный день;Полная занятость;От 1 года до 3 лет
C++ developer in Berlin;31420176;https://hh.ru/vacancy/31420176;450000;720000;think-cell;Полный день;Полная занятость;От 1 года до 3 лет
Программист С++;30965536;https://hh.ru/vacancy/30965536;115000;115000;Специальный Технологический Центр;Полный день;Полная занятость;От 3 до 6 лет
Администратор торговой платформы / MetaTrader Administrator;31160317;https://hh.ru/vacancy/31160317;57000;80000;FBS Inc.;Полный день;Полная занятость;От 1 года до 3 лет
Веб-разработчик (JavaScript / PHP-программист);31403316;https://hh.ru/vacancy/31403316;69000;69000;АКУТА;Полный день;Полная занятость;От 1 года до 3 лет
Инженер-тестировщик;31419236;https://hh.ru/vacancy/31419236;80000;140000;Шпак Виктория Сергеевна;Гибкий график;Полная занятость;От 3 до 6 лет
Senior PHP developer;31417497;https://hh.ru/vacancy/31417497;172000;207000;KMA.BIZ;Удаленная работа;Полная занятость;От 1 года до 3 лет
Электроник (Электромеханик);31405779;https://hh.ru/vacancy/31405779;48000;48000;Свеза;Сменный график;Полная занятость;От 1 года до 3 лет
Ведущий специалист сектора планирования, анализа и отчетности по технологическому присоединению;31104524;https://hh.ru/vacancy/31104524;57000;57000;МРСК Северо-Запада;Полный день;Полная занятость;От 1 года до 3 лет
Главный специалист сектора планирования, анализа и отчетности по технологическому присоединению;30000301;https://hh.ru/vacancy/30000301;92000;92000;МРСК Северо-Запада;Полный день;Полная занятость;Более 6 лет
Специалист сектора планирования, анализа и отчетности по технологическому присоединению;30871658;https://hh.ru/vacancy/30871658;55000;55000;МРСК Северо-Запада;Полный день;Полная занятость;От 1 года до 3 лет
Senior Front-end \ Full-stack developer;30270817;https://hh.ru/vacancy/30270817;221000;221000;Broadridge;Полный день;Полная занятость;От 3 до 6 лет
Автор работ по БПЛА;31412020;https://hh.ru/vacancy/31412020;34000;103000;Homework;Удаленная работа;Частичная занятость;Нет опыта
Программист Python;31293264;https://hh.ru/vacancy/31293264;92000;92000;Т.Т.Консалтинг;Полный день;Полная занятость;От 1 года до 3 лет
Программист С/Asm;15737951;https://hh.ru/vacancy/15737951;115000;115000;Специальный Технологический Центр;Полный день;Полная занятость;От 3 до 6 лет
Специалист отдела ценообразования;31387236;https://hh.ru/vacancy/31387236;55000;55000;Транспортно-логистическая группа «Трансойл»;Полный день;Полная занятость;От 1 года до 3 лет
Ведущий инженер-программист АСУ ТП;30946244;https://hh.ru/vacancy/30946244;0;115000;Intratool;Полный день;Полная занятость;От 3 до 6 лет
Senior Software Developer in .NET profilers team (dotTrace/dotMemory);27324852;https://hh.ru/vacancy/27324852;230000;230000;JetBrains;Гибкий график;Полная занятость;От 3 до 6 лет
Главный специалист отдела труда и заработной платы;30691739;https://hh.ru/vacancy/30691739;75000;75000;АО ЗАСЛОН;Полный день;Полная занятость;От 3 до 6 лет
Разработчик iOS / С++ (Кипр);30161752;https://hh.ru/vacancy/30161752;331000;414000;MetaQuotes Software Corp.;Полный день;Полная занятость;От 3 до 6 лет
Разработчик iOS-приложений (Кипр);30161790;https://hh.ru/vacancy/30161790;290000;331000;MetaQuotes Software Corp.;Полный день;Полная занятость;От 3 до 6 лет
Старший разработчик frontend, Qt;30960858;https://hh.ru/vacancy/30960858;80000;120000;СевенТест, НТЦ;Гибкий график;Полная занятость;От 3 до 6 лет
Старший разработчик backend, PHP;30960905;https://hh.ru/vacancy/30960905;80000;130000;СевенТест, НТЦ;Гибкий график;Полная занятость;От 3 до 6 лет
Senior C++ Developer;27374188;https://hh.ru/vacancy/27374188;230000;230000;JetBrains;Гибкий график;Полная занятость;От 3 до 6 лет
Ведущий С++ разработчик (Лимасол, Кипр);31389155;https://hh.ru/vacancy/31389155;331000;414000;MetaQuotes Software Corp.;Полный день;Полная занятость;От 3 до 6 лет
Программист С#;31332684;https://hh.ru/vacancy/31332684;138000;138000;НПК Морсвязьавтоматика;Полный день;Полная занятость;От 1 года до 3 лет
Менеджер проектов (эксклюзивная мебель);31375518;https://hh.ru/vacancy/31375518;50000;90000;ТИМ;Полный день;Полная занятость;От 3 до 6 лет
Инженер-программист C++ (QT);29634697;https://hh.ru/vacancy/29634697;92000;92000;Специальный Технологический Центр;Полный день;Полная занятость;От 1 года до 3 лет
Руководитель отдела аналитики;31389819;https://hh.ru/vacancy/31389819;184000;184000;Staff-UP Consulting Group;Полный день;Полная занятость;От 1 года до 3 лет
C# Разработчик, Unity (gamedev, PC);30865766;https://hh.ru/vacancy/30865766;80000;115000;Megagroup.ru;Полный день;Полная занятость;От 1 года до 3 лет
Программист Python;31365235;https://hh.ru/vacancy/31365235;40000;300000;Ю.Би.Си;Полный день;Полная занятость;Нет опыта
Кассир (ОБИ Лахта);30126141;https://hh.ru/vacancy/30126141;34000;40000;OBI;Гибкий график;Полная занятость;Нет опыта
Инженер по обслуживанию систем;31335346;https://hh.ru/vacancy/31335346;69000;80000;ЛДЦ МИБС;Полный день;Полная занятость;От 3 до 6 лет
Старший системный/сетевой администратор;31051651;https://hh.ru/vacancy/31051651;115000;115000;Специальный Технологический Центр;Полный день;Полная занятость;От 3 до 6 лет
UX/UI Lead Designer;31388823;https://hh.ru/vacancy/31388823;0;200000;Arloid Group LLC;Полный день;Полная занятость;От 3 до 6 лет
Младший разработчик под Android (Java/Kotlin);31348834;https://hh.ru/vacancy/31348834;46000;92000;Екассир;Гибкий график;Полная занятость;От 1 года до 3 лет
Delphi разработчик;31329522;https://hh.ru/vacancy/31329522;92000;138000;Searchinform;Полный день;Полная занятость;От 3 до 6 лет
Руководитель отдела рекрутинга/ Заместитель директора по персоналу;30999751;https://hh.ru/vacancy/30999751;46000;57000;Services-group, сеть сервисных центров;Полный день;Полная занятость;От 1 года до 3 лет
Разработчик под Android (Java/Kotlin);31348945;https://hh.ru/vacancy/31348945;80000;138000;Екассир;Гибкий график;Полная занятость;От 1 года до 3 лет
Медицинская сестра;31308778;https://hh.ru/vacancy/31308778;30000;30000;Клинико-Диагностический Центр;Сменный график;Полная занятость;От 1 года до 3 лет
Software Development Tech Lead;31241823;https://hh.ru/vacancy/31241823;161000;225000;Software Consulting Solutions;Удаленная работа;Полная занятость;От 3 до 6 лет
Senior Software Developer (ReSharper - Perfomance);30424526;https://hh.ru/vacancy/30424526;230000;230000;JetBrains;Полный день;Полная занятость;От 3 до 6 лет
Оператор-диспетчер по контролю и обслуживанию лифтового оборудования;31313322;https://hh.ru/vacancy/31313322;29000;29000;Северная-Столица;Полный день;Полная занятость;Нет опыта
Ведущий инженер-программист ПЛИС;30691776;https://hh.ru/vacancy/30691776;98000;115000;АО ЗАСЛОН;Полный день;Полная занятость;От 3 до 6 лет
Программист С# (Unity 3D) /middle;31305595;https://hh.ru/vacancy/31305595;60000;120000;Крафт;Удаленная работа;Полная занятость;От 1 года до 3 лет
Java-разработчик (middle);30833304;https://hh.ru/vacancy/30833304;92000;92000;ДжейТи консалтинг;Гибкий график;Полная занятость;От 1 года до 3 лет
Senior Software Developer (Kotlin Libraries Team);29003616;https://hh.ru/vacancy/29003616;230000;230000;JetBrains;Полный день;Полная занятость;От 3 до 6 лет
Software Developer (Rider);31226648;https://hh.ru/vacancy/31226648;230000;230000;JetBrains;Гибкий график;Полная занятость;От 3 до 6 лет
Senior Software Developer (IntelliJ IDEA);18562648;https://hh.ru/vacancy/18562648;200000;200000;JetBrains;Гибкий график;Полная занятость;От 3 до 6 лет
Software Developer (PhpStorm);27193466;https://hh.ru/vacancy/27193466;160000;160000;JetBrains;Полный день;Полная занятость;От 3 до 6 лет
Senior Software Developer (MPS);30893755;https://hh.ru/vacancy/30893755;230000;230000;JetBrains;Полный день;Полная занятость;От 3 до 6 лет
Senior Java Developer (RubyMine);29854291;https://hh.ru/vacancy/29854291;230000;230000;JetBrains;Полный день;Полная занятость;Более 6 лет
Senior C++ developer (ReSharperC++/Rider C++);31229764;https://hh.ru/vacancy/31229764;230000;230000;JetBrains;Полный день;Полная занятость;От 3 до 6 лет
Ведущий разработчик-программист С++;31280066;https://hh.ru/vacancy/31280066;86000;155000;АКУТА;Полный день;Полная занятость;От 1 года до 3 лет
Инженер по автоматизации;31365705;https://hh.ru/vacancy/31365705;65000;90000;Цифровые Системы Автоматизации;Полный день;Полная занятость;От 1 года до 3 лет
Senior Software Developer (WebStorm);27860066;https://hh.ru/vacancy/27860066;200000;200000;JetBrains;Полный день;Полная занятость;От 3 до 6 лет
Senior Software Developer (ReSharper);26448698;https://hh.ru/vacancy/26448698;230000;230000;JetBrains;Полный день;Полная занятость;От 3 до 6 лет
Senior Software Developer (AppCode);26802677;https://hh.ru/vacancy/26802677;230000;230000;JetBrains;Гибкий график;Полная занятость;От 3 до 6 лет
Software Developer (AppCode);27975423;https://hh.ru/vacancy/27975423;207000;207000;JetBrains;Гибкий график;Полная занятость;От 1 года до 3 лет
Программист-разработчик .Net;31245153;https://hh.ru/vacancy/31245153;115000;172000;GlobalLoop;Гибкий график;Полная занятость;От 3 до 6 лет
Специалист по противодействию иностранным техническим разведкам и защите информации;31244651;https://hh.ru/vacancy/31244651;57000;57000;Специальный Технологический Центр;Полный день;Полная занятость;От 1 года до 3 лет
Менеджер службы клиентского сервиса;31265554;https://hh.ru/vacancy/31265554;0;60000;Евросиб;Полный день;Полная занятость;От 3 до 6 лет
Программист .Net (Full stack);31327314;https://hh.ru/vacancy/31327314;185000;258000;Ingentum Technologies Corp.;Удаленная работа;Полная занятость;От 3 до 6 лет
Android Developer;31240370;https://hh.ru/vacancy/31240370;110000;110000;Тензор;Полный день;Полная занятость;От 3 до 6 лет
Senior Fullstack Developer;30999161;https://hh.ru/vacancy/30999161;172000;345000;the_covert;Гибкий график;Полная занятость;От 1 года до 3 лет
Ведущий инженер;31246980;https://hh.ru/vacancy/31246980;52000;52000;ЦНИИ РТК;Полный день;Полная занятость;От 3 до 6 лет
