id	name	url	vac_type	from	to	employer_name	schedule	employment	experience	key_skills
31510041	Инженер-разработчик С++ (OpenCV)	https://hh.ru/vacancy/31510041	СТЗ	92000	287000	iVariant	Гибкий график	Полная занятость	От 3 до 6 лет	MS Visual Studio, C++, C#, Python, MATLAB, Octave, Linux, Git, MS Visual C++, OpenCV, Windows 7
31618692	Senior Computer Vision Specialist	https://hh.ru/vacancy/31618692	СТЗ	215000	260000	Saifer	Полный день	Полная занятость	Более 6 лет	ООП, C++, SLAM, OpenCV, PCL, Kalman Filtering, Multiple View Geometry, Sensor Fusion
31594929	Специалист по компьютерному зрению	https://hh.ru/vacancy/31594929	СТЗ	75000	75000	Новые Решения	Сменный график	Проектная работа	От 1 года до 3 лет	
31591317	Data scientist	https://hh.ru/vacancy/31591317	Data scientist	195000	195000	Staff-UP Consulting Group	Гибкий график	Полная занятость	От 1 года до 3 лет	
31110828	Senior Machine Learning Engineer	https://hh.ru/vacancy/31110828	Data scientist	193000	289000	Giant	Полный день	Полная занятость	От 3 до 6 лет	computer vision, deep learning, reinforcement learning
31603907	Junior Quantitative Researcher	https://hh.ru/vacancy/31603907	Научный сотрудник	100000	140000	DataFork	Полный день	Полная занятость	Нет опыта	Анализ данных, Математическая статистика, Python
29523761	Senior Data Scientist	https://hh.ru/vacancy/29523761	Data scientist	180000	180000	JetBrains	Полный день	Полная занятость	От 3 до 6 лет	Big Data, Python, SCALA, Data Analysis
31499507	Data Scientist/ML engineer	https://hh.ru/vacancy/31499507	Data scientist	100000	100000	Университет ИТМО	Полный день	Полная занятость	От 1 года до 3 лет	
29875722	Python-разработчик (Team lead)	https://hh.ru/vacancy/29875722	Team lead	80000	149000	НИИ МАСШТАБ	Полный день	Полная занятость	От 3 до 6 лет	
31628120	Алгоритмист/программист (С++)	https://hh.ru/vacancy/31628120	Научный сотрудник	115000	115000	НТЦ Электрозонд	Полный день	Полная занятость	От 3 до 6 лет	
30251073	Старший/ведущий научный сотрудник сектора НИОКР	https://hh.ru/vacancy/30251073	Научный сотрудник	57000	69000	Тидекс ( Tydex )	Полный день	Полная занятость	Более 6 лет	
31263860	Computer Vision Engineer	https://hh.ru/vacancy/31263860	СТЗ	200000	250000	Имиджайз Девелопмент Групп	Полный день	Полная занятость	От 3 до 6 лет	C++.  3d-реконструкция и сегментация изображений., OpenCV.
31140976	Data scientist	https://hh.ru/vacancy/31140976	Data scientist	115000	115000	Devim	Полный день	Полная занятость	От 3 до 6 лет	
29816624	Разработчик-исследователь в области искусственного интеллекта / Data Scientist	https://hh.ru/vacancy/29816624	Научный сотрудник	80000	80000	Университет ИТМО	Полный день	Полная занятость	От 1 года до 3 лет	Java, C#, C++, Python, Git, SVN, Design Patterns, Big Data
31484118	Начальник отдела программного обеспечения	https://hh.ru/vacancy/31484118	Начальник отдела/лаборатории	0	150000	Морские комплексы и системы плюс	Полный день	Полная занятость	От 3 до 6 лет	
30373653	Ведущий разработчик Python (Team Lead)	https://hh.ru/vacancy/30373653	Team lead	103000	126000	НИИ МАСШТАБ	Полный день	Полная занятость	От 1 года до 3 лет	
30312762	Научный сотрудник	https://hh.ru/vacancy/30312762	Научный сотрудник	63000	63000	Витал	Полный день	Полная занятость	От 3 до 6 лет	
30975631	Data Scientist	https://hh.ru/vacancy/30975631	Data scientist	138000	138000	Специальный Технологический Центр	Полный день	Полная занятость	От 3 до 6 лет	
31593612	Senior Python разработчик	https://hh.ru/vacancy/31593612	Python	150000	200000	Redsteep	Удаленная работа	Полная занятость	От 3 до 6 лет	Веб-разработка, Python
31561603	Team lead	https://hh.ru/vacancy/31561603	Team lead	115000	115000	Милтайм	Полный день	Полная занятость	От 1 года до 3 лет	Управление персоналом, Scrum, Управление проектами, Разработка ПО
31217647	Senior Developer C++/QT	https://hh.ru/vacancy/31217647	C/C++	180000	180000	Транзас	Полный день	Полная занятость	От 3 до 6 лет	C++, Qt, Scrum, JavaScript, Python, Cmake, Boost, Thrift, BitBucket, Jenkins, Ubuntu, Windows
31264114	Machine Learning Engineer	https://hh.ru/vacancy/31264114	Data scientist	150000	250000	Имиджайз Девелопмент Групп	Полный день	Полная занятость	От 3 до 6 лет	
30506765	Разработчик С++/Qt	https://hh.ru/vacancy/30506765	C/C++	138000	138000	Специальный Технологический Центр	Полный день	Полная занятость	От 3 до 6 лет	C++, QML, Qt
30338206	Разработчик Python	https://hh.ru/vacancy/30338206	Python	100000	100000	Транзас	Гибкий график	Полная занятость	От 3 до 6 лет	Python, RobotFramework, CI/CD, Git, TCP/IP, Atlassian Jira
31421720	Начальник отдела реализации проектов (эксплуатация энергокомплексов, сетей)	https://hh.ru/vacancy/31421720	Начальник отдела/лаборатории	86000	115000	ЭНЕРГОДЕТАЛЬ	Полный день	Полная занятость	Более 6 лет	
30662401	Senior Python Software Developer	https://hh.ru/vacancy/30662401	Python	172000	264000	Quest Software	Гибкий график	Полная занятость	От 3 до 6 лет	Software Development, Python, Linux, JavaScript, Agile Project Management, NoSQL, PowerShell, Web Application Development, C#
30934505	Python разработчик ‍‍	https://hh.ru/vacancy/30934505	Python	80000	161000	АппФоллоу	Удаленная работа	Полная занятость	От 1 года до 3 лет	Linux, Docker, MySQL, aiohttp, Redis, Django Framework, MongoDB, Asyncio, Ubuntu Server, Python
31508071	Research and Development/Principal Researcher, Team Leader	https://hh.ru/vacancy/31508071	Научный сотрудник	200000	200000	Университет ИТМО	Полный день	Полная занятость	Более 6 лет	
31663083	DSP-программист	https://hh.ru/vacancy/31663083	Программист	103000	161000	Специальный Технологический Центр	Полный день	Полная занятость	От 1 года до 3 лет	
31493896	Team lead команды разработки	https://hh.ru/vacancy/31493896	Team lead	200000	200000	Сбербанк	Полный день	Полная занятость	От 3 до 6 лет	
30915889	Python Developer	https://hh.ru/vacancy/30915889	Python	138000	138000	Риал Тайм Технологии	Полный день	Полная занятость	От 3 до 6 лет	Python, *nix, RabbitMQ, Git, Docker
31663081	DSP программист-математик	https://hh.ru/vacancy/31663081	Научный сотрудник	103000	161000	Специальный Технологический Центр	Гибкий график	Полная занятость	От 1 года до 3 лет	
31049449	Заместитель начальника отдела информационной безопасности	https://hh.ru/vacancy/31049449	Начальник отдела/лаборатории	70000	70000	Заубер Банк	Полный день	Полная занятость	От 3 до 6 лет	
31444861	Программист Python / JS	https://hh.ru/vacancy/31444861	Python	69000	103000	Клаудкомсофтваре	Полный день	Полная занятость	От 1 года до 3 лет	Python, JavaScript, Git, Linux, SQL, jQuery, Flask
31661859	Data Science specialist	https://hh.ru/vacancy/31661859	Data scientist	287000	287000	Game of whales Ltd	Гибкий график	Полная занятость	От 3 до 6 лет	
31192987	Программист C/C++	https://hh.ru/vacancy/31192987	C/C++	40000	107000	СевенТест, НТЦ	Гибкий график	Полная занятость	От 3 до 6 лет	
30833159	Разработчик / Инженер-программист (Python)	https://hh.ru/vacancy/30833159	Python	0	172000	NGENIX	Полный день	Полная занятость	От 3 до 6 лет	Python, Linux, PostgreSQL, Git, Работа в команде, Scrum
31544082	Middle Fullstack Python Engineer	https://hh.ru/vacancy/31544082	Python	115000	172000	Spark Equation	Полный день	Полная занятость	От 1 года до 3 лет	JavaScript, Angular, SQL, NoSQL, Git, Python
31637274	Senior/Lead Fullstack Python Engineer	https://hh.ru/vacancy/31637274	Team lead	172000	253000	Spark Equation	Полный день	Полная занятость	От 3 до 6 лет	JavaScript, Angular, SQL, NoSQL, Git, Python, Software Architecture, ReactJS
30707378	Программист C (Linux)	https://hh.ru/vacancy/30707378	Программист	150000	150000	Супертел	Полный день	Полная занятость	От 3 до 6 лет	Linux, embedded, C/C++, встроенное ПО, Multithread Programming, Embedded Linux
31132458	Исследователь-стажер	https://hh.ru/vacancy/31132458	Стажер	25000	25000	Университет ИТМО	Гибкий график	Стажировка	Нет опыта	
30108682	Middle Python developer (удалённая работа)	https://hh.ru/vacancy/30108682	Python	103000	138000	FinPay	Удаленная работа	Полная занятость	От 1 года до 3 лет	
29484191	Middle Python developer	https://hh.ru/vacancy/29484191	Python	103000	138000	Деньга	Полный день	Полная занятость	От 3 до 6 лет	
31412376	Программист С++/Qt	https://hh.ru/vacancy/31412376	C/C++	80000	80000	AirNet	Полный день	Полная занятость	От 1 года до 3 лет	C/C++, Linux, Qt
31473983	Начальник отдела технического контроля (ведущий инженер)	https://hh.ru/vacancy/31473983	Начальник отдела/лаборатории	55000	55000	Технические Системы и Технологии	Полный день	Полная занятость	Более 6 лет	
30007590	Research Engineer	https://hh.ru/vacancy/30007590	Научный сотрудник	230000	230000	JetBrains	Полный день	Полная занятость	От 3 до 6 лет	
30367698	Программист Python	https://hh.ru/vacancy/30367698	Python	100000	100000	NETRIKA	Полный день	Полная занятость	От 1 года до 3 лет	
29370938	Разработчик C	https://hh.ru/vacancy/29370938	C/C++	86000	126000	НИИ МАСШТАБ	Полный день	Полная занятость	От 3 до 6 лет	Linux, GDB, C/C++, Networking
31501934	Научный сотрудник	https://hh.ru/vacancy/31501934	Научный сотрудник	60000	60000	Фрактал Био	Полный день	Полная занятость	Более 6 лет	
31518849	Заместитель начальника отдела инсталляций	https://hh.ru/vacancy/31518849	Начальник отдела/лаборатории	40000	52000	РемСтройСервис	Полный день	Полная занятость	От 1 года до 3 лет	Управление производственным персоналом, Организаторские навыки, Контроль качества, Работа в команде, Производственное планирование, Ориентация на результат
25857243	Инженер-программист (Qt)	https://hh.ru/vacancy/25857243	Программист	92000	172000	Специальный Технологический Центр	Полный день	Полная занятость	От 1 года до 3 лет	знание C/C++, знание Qt, работа с системами контроля версий
30368343	Инженер-программист (Qt/С++)	https://hh.ru/vacancy/30368343	C/C++	86000	86000	Специальный Технологический Центр	Полный день	Полная занятость	От 1 года до 3 лет	
29441481	Программист С++/Qt	https://hh.ru/vacancy/29441481	C/C++	80000	161000	Специальный Технологический Центр	Полный день	Полная занятость	От 1 года до 3 лет	C++, Qt, Linux, windows, STL
31346784	Middle/Senior Python разработчик в Таллин	https://hh.ru/vacancy/31346784	Python	207000	331000	Betmaster	Полный день	Полная занятость	От 3 до 6 лет	RabbitMQ, Асинхронное программирование, PostgreSQL, Django Framework, Redis, Python, SQL
30417414	Программист C/С++	https://hh.ru/vacancy/30417414	C/C++	80000	80000	«АНТ» ГРУППА КОМПАНИЙ	Полный день	Полная занятость	От 3 до 6 лет	
31588569	Начальник отдела производства работ по системам отопления, канализации, В и К в г. Новый Уренгой	https://hh.ru/vacancy/31588569	Начальник отдела/лаборатории	100000	100000	Вис Сервис	Полный день	Полная занятость	От 3 до 6 лет	
29488367	Заместитель начальника отдела информационной безопасности	https://hh.ru/vacancy/29488367	Начальник отдела/лаборатории	80000	103000	НИИ МАСШТАБ	Полный день	Полная занятость	От 3 до 6 лет	
31404073	Программист С++	https://hh.ru/vacancy/31404073	C/C++	63000	98000	Tools For Brokers	Полный день	Полная занятость	От 1 года до 3 лет	C++, STL, Boost, MetaTrader, Multithread Programming
29636429	Научный сотрудник (Компьютерное моделирование и прогнозирование в финансовой сфере)	https://hh.ru/vacancy/29636429	Научный сотрудник	100000	100000	Университет ИТМО	Полный день	Полная занятость	От 3 до 6 лет	C++, C#, Simulation, Forecasting, Algorithms analysis, Algorithms design
30368287	Инженер-программист Qt/C++ ( Junior )	https://hh.ru/vacancy/30368287	C/C++	75000	75000	Специальный Технологический Центр	Полный день	Полная занятость	От 1 года до 3 лет	
30652250	Программист С++	https://hh.ru/vacancy/30652250	C/C++	69000	69000	Институт телекоммуникаций	Полный день	Полная занятость	От 3 до 6 лет	
31246781	Full Stack разработчик Python	https://hh.ru/vacancy/31246781	Python	0	130000	Заубер Банк	Полный день	Полная занятость	От 3 до 6 лет	отличное знание Python 3.x, Flask, Vue.js
30297910	Инженер-видеопрограммист	https://hh.ru/vacancy/30297910	СТЗ	60000	100000	InTheSmart	Полный день	Полная занятость	От 3 до 6 лет	IAR, Linux, C/C++, RTOS, SVN, Git, Управление проектами, Английский язык, Phyton, Lua
27534668	Senior Python Developer	https://hh.ru/vacancy/27534668	Python	115000	115000	ПЕРВЫЙ ЦУПИС	Полный день	Полная занятость	От 3 до 6 лет	
31547395	Python Developer	https://hh.ru/vacancy/31547395	Python	184000	287000	Investex Ltd	Полный день	Полная занятость	От 3 до 6 лет	Python, Django Framework, Flask
31467127	Python-developer	https://hh.ru/vacancy/31467127	Python	75000	120000	Тензор	Гибкий график	Полная занятость	От 1 года до 3 лет	Python, PostgreSQL, Git, SQL
31452205	Ведущий инженер-программист (C/C++)	https://hh.ru/vacancy/31452205	C/C++	287000	287000	Авалон Технолоджис	Гибкий график	Полная занятость	От 3 до 6 лет	
29699374	Начальник отдела разработки программного обеспечения	https://hh.ru/vacancy/29699374	Начальник отдела/лаборатории	100000	150000	Морские Навигационные Системы	Полный день	Полная занятость	От 3 до 6 лет	Linux, Python, Git, Администрирование серверов Linux, Qt, C/C++, GUI на Qt4, Debian GNU/Linux
31329538	Программист C/С++	https://hh.ru/vacancy/31329538	C/C++	69000	115000	Решение	Полный день	Полная занятость	От 1 года до 3 лет	
31500021	Начальник отдела АХО	https://hh.ru/vacancy/31500021	Начальник отдела/лаборатории	69000	80000	АКВИЛОН	Полный день	Полная занятость	От 1 года до 3 лет	
31612895	Программист	https://hh.ru/vacancy/31612895	Программист	60000	60000	ПрофитМед, Санкт-Петербург	Полный день	Полная занятость	От 1 года до 3 лет	
31573233	Начальник отдела АХО	https://hh.ru/vacancy/31573233	Начальник отдела/лаборатории	69000	80000	АКВИЛОН	Полный день	Полная занятость	От 3 до 6 лет	
29634697	Инженер-программист C++ (QT)	https://hh.ru/vacancy/29634697	C/C++	92000	92000	Специальный Технологический Центр	Полный день	Полная занятость	От 1 года до 3 лет	C++, HTML, Linux, Windows 7, Qt, Git
31365235	Программист Python	https://hh.ru/vacancy/31365235	Python	40000	300000	Ю.Би.Си	Полный день	Полная занятость	Нет опыта	JavaScript, Ajax, MySQL, Python, Joomla CMS, Yii, PostgreSQL, jQuery, MS Visual Studio, Entity Framework, MS SQL Server, HTML, CMS Wordpress, ADO.NET, Git, XML, CSS, MS SQL, Atlassian Jira, Oracle Pl/SQL, CSS3, HTML5, SQL, AngularJS, Node.js, Java
31486887	Python Developer / Разработчик Python	https://hh.ru/vacancy/31486887	Python	92000	149000	DDG	Полный день	Полная занятость	От 3 до 6 лет	Python, Django Framework, PostgreSQL, AngularJS, REST
27941291	Инженер-программист микроконтроллеров	https://hh.ru/vacancy/27941291	Программист	57000	57000	Институт телекоммуникаций	Полный день	Полная занятость	От 1 года до 3 лет	
31293264	Программист Python	https://hh.ru/vacancy/31293264	Python	92000	92000	Т.Т.Консалтинг	Полный день	Полная занятость	От 1 года до 3 лет	MySQL, Redis, Python, PostgreSQL, HTML, JavaScript
28430923	Ведущий программист ГИС	https://hh.ru/vacancy/28430923	Программист	100000	100000	Институт телекоммуникаций	Полный день	Полная занятость	От 3 до 6 лет	
31511101	Тестировщик / QA	https://hh.ru/vacancy/31511101	Тестировщик	0	80000	AxisPoint Consulting	Полный день	Полная занятость	От 1 года до 3 лет	QA, Тестирование
31347442	Научный сотрудник	https://hh.ru/vacancy/31347442	Научный сотрудник	13000	100000	ВНИИПД-Филиал ФГБНУ ФНЦ пищевых систем им В.М.Горбатова РАН	Полный день	Полная занятость	Более 6 лет	навыки межличностного делового общения; умение организовывать работу, планировать, принимать решения
31505477	Ведущий devops / системный инженер	https://hh.ru/vacancy/31505477	DevOps	115000	115000	ASD Technologies	Полный день	Полная занятость	От 3 до 6 лет	
30604478	Customer Support Engineer	https://hh.ru/vacancy/30604478	Техподдержка	150000	250000	Азул Системс	Полный день	Полная занятость	От 3 до 6 лет	Java, Linux, Английский язык
26791165	Инженер-программист С++ (навигационное ПО)	https://hh.ru/vacancy/26791165	C/C++	200000	200000	Транзас	Полный день	Полная занятость	От 3 до 6 лет	Python, Design Patterns, Linux, Windows, C++
31505616	Инженер-программист	https://hh.ru/vacancy/31505616	Программист	80000	80000	БФК-Проект	Полный день	Полная занятость	Нет опыта	
31063625	Тестировщик ПО	https://hh.ru/vacancy/31063625	Тестировщик	80000	80000	Элисофт	Полный день	Полная занятость	От 1 года до 3 лет	
27941646	Инженер-программист	https://hh.ru/vacancy/27941646	Программист	57000	57000	Институт телекоммуникаций	Полный день	Полная занятость	От 1 года до 3 лет	
31191877	Junior Python Developer	https://hh.ru/vacancy/31191877	Python	40000	46000	FinPay	Полный день	Полная занятость	Нет опыта	
30965572	Программист C/С++	https://hh.ru/vacancy/30965572	C/C++	115000	115000	Специальный Технологический Центр	Полный день	Полная занятость	От 3 до 6 лет	
24812039	Программист C/С++	https://hh.ru/vacancy/24812039	C/C++	80000	115000	Специальный Технологический Центр	Полный день	Полная занятость	От 1 года до 3 лет	C++, Linux
31339278	Программист С++	https://hh.ru/vacancy/31339278	C/C++	69000	149000	Тракт	Полный день	Полная занятость	От 1 года до 3 лет	Multithread Programming, C++
31362764	Golang developer (junior+)	https://hh.ru/vacancy/31362764	Программист	57000	115000	Гора Студио	Полный день	Полная занятость	От 1 года до 3 лет	PHP, Golang, SQL, API, Linux, Jira, Kanban, Agile Project Management, PostgreSQL, Nginx, Git
29319476	Программист микроконтроллеров	https://hh.ru/vacancy/29319476	Программист	92000	92000	ТАЙПИТ, Торгово-промышленная группа	Полный день	Полная занятость	От 3 до 6 лет	
31416088	Менеджер IT-проектов	https://hh.ru/vacancy/31416088	Team lead	92000	92000	Куберто, OOO	Полный день	Полная занятость	От 1 года до 3 лет	Английский язык, Управление проектами, Agile Project Management, Scrum
31602046	Тестировщик ПО	https://hh.ru/vacancy/31602046	Тестировщик	0	70000	Цифроматика	Полный день	Полная занятость	От 1 года до 3 лет	
30816310	Researcher со знанием английского языка	https://hh.ru/vacancy/30816310	Научный сотрудник	46000	46000	Vostock Capital (UK) Ltd	Полный день	Полная занятость	Нет опыта	
30563810	Старший инженер-программист С++	https://hh.ru/vacancy/30563810	C/C++	140000	140000	Транзас	Гибкий график	Полная занятость	От 3 до 6 лет	C++, Qt, Git, GUI, Python
31306009	Стажёр Python/Go	https://hh.ru/vacancy/31306009	Стажер	17000	17000	Selectel	Гибкий график	Стажировка	От 1 года до 3 лет	Python, API, Git, CI/CD, Go, Golang, PostgreSQL, MySQL
28430586	Ведущий инженер ГИС	https://hh.ru/vacancy/28430586		100000	100000	Институт телекоммуникаций	Полный день	Полная занятость	От 3 до 6 лет	
31467363	Заместитель руководителя отдела заводской кооперации	https://hh.ru/vacancy/31467363	Начальник отдела/лаборатории	0	80000	Группа промышленных компаний “Корпорация ТИРА”	Полный день	Полная занятость	От 3 до 6 лет	Договорная работа, Поиск заказчиков, Деловая переписка, Деловая коммуникация
28565036	Инженер-программист	https://hh.ru/vacancy/28565036	Программист	57000	57000	Институт телекоммуникаций	Полный день	Полная занятость	От 1 года до 3 лет	C++, C#, Linux, Git, Qt
30922373	Software Engineer	https://hh.ru/vacancy/30922373	Программист	172000	172000	ALM Works	Гибкий график	Полная занятость	От 1 года до 3 лет	Java, JavaScript
30506995	Начальник лаборатории ЛКМ	https://hh.ru/vacancy/30506995	Начальник отдела/лаборатории	115000	115000	Агентство 21 век, КЦ	Полный день	Полная занятость	От 3 до 6 лет	Лабораторная диагностика, Технология производства, Руководство коллективом
31332718	Старший программист (gamedev)	https://hh.ru/vacancy/31332718	Программист	207000	287000	JoyCraft Games	Полный день	Полная занятость	От 3 до 6 лет	
31591989	Junior Developer	https://hh.ru/vacancy/31591989	Программист	58000	83000	Developer Soft	Полный день	Полная занятость	Нет опыта	
31588318	Программист С++	https://hh.ru/vacancy/31588318	C/C++	100000	100000	ДЖИ-ТИ ИНВЕСТ	Полный день	Полная занятость	От 3 до 6 лет	Qt
31503793	Разработчик ПО на базе Python (developer senior, middle)	https://hh.ru/vacancy/31503793	Python	138000	287000	Капитал	Полный день	Полная занятость	От 3 до 6 лет	Python, JavaScript, Django Framework
31400005	Пентестер	https://hh.ru/vacancy/31400005		96000	289000	ЖУЙЭРСЫ	Полный день	Полная занятость	От 1 года до 3 лет	
31595034	Product Manager (mobile applications)	https://hh.ru/vacancy/31595034	Team lead	138000	138000	АдсПро Медиа	Удаленная работа	Полная занятость	От 1 года до 3 лет	Android, Firebase Analytics, Разработка нового продукта, Стратегический анализ, Стратегическое мышление, Стратегическое планирование, affiliate marketing, Анализ рынка, Анализ конкурентной среды, A/B тесты, Стратегия Развития
31479185	Manual QA Engineer / тестировщик	https://hh.ru/vacancy/31479185	Тестировщик	69000	69000	Риал Тайм Технологии	Полный день	Полная занятость	От 1 года до 3 лет	QA, Test case, User story, Python, Git
31458831	Начальник отдела сопровождения	https://hh.ru/vacancy/31458831	Начальник отдела/лаборатории	60000	60000	Сотранс, группа компаний	Полный день	Полная занятость	От 3 до 6 лет	
31002369	Программист	https://hh.ru/vacancy/31002369	Программист	69000	69000	Институт телекоммуникаций	Полный день	Полная занятость	От 3 до 6 лет	
31473362	DevOps	https://hh.ru/vacancy/31473362	DevOps	115000	115000	Группа Компаний MVS	Полный день	Полная занятость	От 1 года до 3 лет	Настройка DNS, TCP/IP, VPN, Atlassian Jira, Jenkins, TeamCity, GitHub, IPSEC, SSH, VMware, Node.js, Git, NET Core 2, PostgreSQL, MongoDB, Redis, Zabbix, Английский язык
31658850	Инженер-программист	https://hh.ru/vacancy/31658850	Программист	40000	60000	Равенство	Полный день	Полная занятость	Нет опыта	C#, C++, MySQL, Математическое программирование, SQL, Разработка ПО
31422526	Тестировщик ПО	https://hh.ru/vacancy/31422526	Тестировщик	83000	83000	Сбербанк	Полный день	Полная занятость	От 1 года до 3 лет	
31472207	QA Engineer	https://hh.ru/vacancy/31472207	Тестировщик	69000	69000	Сирокко Технолоджи	Полный день	Полная занятость	От 1 года до 3 лет	Функциональное тестирование, Регресcионное тестирование
31345805	Специалист отдела контроля качества ( Middle/ junior QA-engineer)	https://hh.ru/vacancy/31345805	Тестировщик	57000	80000	Lenvendo	Полный день	Полная занятость	От 1 года до 3 лет	
31308955	Специалист отдела контроля качества	https://hh.ru/vacancy/31308955	Тестировщик	57000	69000	МИТ КИНГ	Полный день	Полная занятость	От 3 до 6 лет	
31426235	Начальник отдела информационной безопасности	https://hh.ru/vacancy/31426235	Начальник отдела/лаборатории	100000	100000	СПВБ	Полный день	Полная занятость	От 3 до 6 лет	Информационная безопасность, Средства криптографической защиты информации
31348754	Программист на производство	https://hh.ru/vacancy/31348754	Программист	80000	80000	СтарЛайн, Научно-производственное объединение	Полный день	Полная занятость	От 1 года до 3 лет	ERP Systems, CRM, SQL, XML
31653868	Инженер-схемотехник	https://hh.ru/vacancy/31653868		46000	73000	Корпорация Оборонные технологии	Полный день	Полная занятость	От 1 года до 3 лет	ГОСТ, ЕСКД, Компас-3D, нормативно-техническая документация, Разработка проектной документации, Проектно-конструкторская деятельность, измерительное оборудование, Схемотехника электронного оборудования, Монтаж оборудования
31642855	Инженер АСУТП / Cтарший инженер (технология/индустрия)	https://hh.ru/vacancy/31642855		103000	172000	EFIX GROUP	Полный день	Полная занятость	От 3 до 6 лет	
31568007	Инженер-программист	https://hh.ru/vacancy/31568007	Программист	69000	69000	Технические Системы и Технологии	Полный день	Полная занятость	От 3 до 6 лет	
31280217	Системный программист C/C++	https://hh.ru/vacancy/31280217	C/C++	69000	69000	Кванттелеком	Полный день	Полная занятость	От 3 до 6 лет	
31339173	Tech Lead/Ведущий разработчик	https://hh.ru/vacancy/31339173	Team lead	115000	138000	Супердок	Полный день	Полная занятость	От 1 года до 3 лет	Git, PostgreSQL, JavaScript, PHP, Node.js, vue.js, Laravel
31652470	Тестировщик ПО	https://hh.ru/vacancy/31652470	Тестировщик	57000	126000	Группа RBI	Полный день	Полная занятость	От 1 года до 3 лет	
31472688	Senior QA engineer (auto)	https://hh.ru/vacancy/31472688	Тестировщик	0	200000	Рукс Солюшенс	Гибкий график	Полная занятость	От 3 до 6 лет	
31575653	Технический писатель	https://hh.ru/vacancy/31575653	Документация	40000	40000	Solvo	Полный день	Полная занятость	От 1 года до 3 лет	
31640347	Старший инженер-программист	https://hh.ru/vacancy/31640347	Программист	65000	65000	Филиал СКБ Энергия АО Завод Энергия	Полный день	Полная занятость	От 3 до 6 лет	Linux, C++
31591371	DevOps Specialist	https://hh.ru/vacancy/31591371	DevOps	0	138000	Staff-UP Consulting Group	Гибкий график	Полная занятость	От 1 года до 3 лет	
30505061	Python Developer	https://hh.ru/vacancy/30505061	Python	92000	138000	АпТрейдер (UpTrader)	Полный день	Полная занятость	От 3 до 6 лет	
31631437	Инженер-программист	https://hh.ru/vacancy/31631437	Программист	92000	92000	Радиоавионика	Полный день	Полная занятость	От 1 года до 3 лет	C/C++
31647103	Начинающий менеджер проектов	https://hh.ru/vacancy/31647103	Team lead	23000	69000	DeliveryWEB	Гибкий график	Полная занятость	Нет опыта	
31626566	Программист С++	https://hh.ru/vacancy/31626566	C/C++	115000	115000	РУТОЛЛ	Полный день	Полная занятость	От 1 года до 3 лет	
31546318	Инженер-программист 2 категории	https://hh.ru/vacancy/31546318	Программист	35000	70000	НИЦ Радиотехники	Полный день	Полная занятость	От 1 года до 3 лет	
19094169	Ведущий инженер-программист	https://hh.ru/vacancy/19094169	Программист	55000	55000	ПетербургГаз	Полный день	Полная занятость	От 1 года до 3 лет	
30090474	Разработчик приложений	https://hh.ru/vacancy/30090474		85000	85000	Максидом	Полный день	Полная занятость	От 1 года до 3 лет	Базы данных, SQL, Unix, СУБД, C++
29441576	Программист С++ (в группу пространственной обработки сигналов)	https://hh.ru/vacancy/29441576	C/C++	80000	161000	Специальный Технологический Центр	Полный день	Полная занятость	От 1 года до 3 лет	ЦОС, C++, MATLAB, Linux
31201949	Младший программист Delphi	https://hh.ru/vacancy/31201949	Delphi	34000	69000	Бизнес Технологии	Полный день	Полная занятость	Нет опыта	
31268053	Инженер по тестированию ПО	https://hh.ru/vacancy/31268053	Тестировщик	69000	92000	Центр инновационных технологий	Полный день	Полная занятость	От 1 года до 3 лет	Java, Git, ООП, Mantis, Функциональное тестирование, Тестирование пользовательского интерфейса, NoSQL
31447888	Системный инженер	https://hh.ru/vacancy/31447888		80000	80000	MARIS	Полный день	Полная занятость	От 3 до 6 лет	
28397194	Build and test automation engineer (CLion)	https://hh.ru/vacancy/28397194	Тестировщик	172000	172000	JetBrains	Гибкий график	Полная занятость	От 3 до 6 лет	
29864789	Специалист по внедрению и сопровождению информационных систем	https://hh.ru/vacancy/29864789		0	70000	Машиностроительный завод «Арсенал»	Полный день	Полная занятость	От 1 года до 3 лет	
31379694	Инженер-программист (Linux)	https://hh.ru/vacancy/31379694	Программист	75000	85000	ВНИИРА	Полный день	Полная занятость	От 3 до 6 лет	C/C++, Qt, MySQL, Linux, Разработка ПО, Unix
31550646	Программист Delphi	https://hh.ru/vacancy/31550646	Delphi	63000	103000	Бизнес Технологии	Удаленная работа	Полная занятость	От 3 до 6 лет	
31252237	MS SQL Developer	https://hh.ru/vacancy/31252237	Базы данных	115000	115000	Devim	Полный день	Полная занятость	От 1 года до 3 лет	
30982039	Разработчик научного ПО/прикладной математик	https://hh.ru/vacancy/30982039	Научный сотрудник	70000	90000	Университет ИТМО	Полный день	Полная занятость	От 1 года до 3 лет	
28654080	Infrastructure/DevOps engineer	https://hh.ru/vacancy/28654080	DevOps	172000	172000	JetBrains	Полный день	Полная занятость	От 3 до 6 лет	
31270109	Senior DevOps Engineer	https://hh.ru/vacancy/31270109	DevOps	103000	207000	Spark Equation	Полный день	Полная занятость	От 3 до 6 лет	AWS, Azure, Google Cloud, Python, CI/CD, Scripting, Serverless, Docker
31385929	Game developer (Roblox)	https://hh.ru/vacancy/31385929	Программист	100000	200000	Силиз	Полный день	Полная занятость	От 3 до 6 лет	ООП
31548107	Ведущий инженер-программист (С++)	https://hh.ru/vacancy/31548107	C/C++	42000	80000	НИЦ Радиотехники	Полный день	Полная занятость	От 3 до 6 лет	
31285214	Программист C++	https://hh.ru/vacancy/31285214	C/C++	92000	92000	Механотроника РА	Полный день	Полная занятость	От 1 года до 3 лет	
31479510	Security Support Engineer	https://hh.ru/vacancy/31479510	Техподдержка	149000	149000	JetBrains	Полный день	Полная занятость	От 3 до 6 лет	
31633872	Ведущий инженер-программист	https://hh.ru/vacancy/31633872	Программист	115000	138000	СПЕКТРОН, НПО	Полный день	Полная занятость	От 3 до 6 лет	C++, Qt
30750953	Инженер-программист Qt (junior)	https://hh.ru/vacancy/30750953	Программист	57000	57000	СтарЛайн, Научно-производственное объединение	Полный день	Полная занятость	Нет опыта	
31625180	С++ разработчик	https://hh.ru/vacancy/31625180	C/C++	126000	218000	HR-PROFI	Полный день	Полная занятость	От 3 до 6 лет	
31078620	Разработчик С++ (NGN)	https://hh.ru/vacancy/31078620	C/C++	57000	57000	Протей, НТЦ	Гибкий график	Полная занятость	От 1 года до 3 лет	C++, ООП, Разработка ПО, Рефакторинг кода, Git, SVN, Linux
31533244	Ведущий разработчик (в отдел разработки средств связи )	https://hh.ru/vacancy/31533244		60000	80000	Международный Кадровый Центр	Полный день	Полная занятость	От 1 года до 3 лет	Borland C++, C++, MS Visual C++, Linux, Разработка ПО, TCP/IP, C
28900324	Инженер-программист С++ 3D визуализация	https://hh.ru/vacancy/28900324	C/C++	180000	180000	Транзас	Полный день	Полная занятость	От 1 года до 3 лет	OpenGL, Vulcan, DirectX12, DirectX11, STL, C++, 3D, Visualisation
29359823	Инженер по видеостримингу (Video streaming Engineer)	https://hh.ru/vacancy/29359823	СТЗ	264000	264000	Риал Тайм Технологии	Полный день	Полная занятость	От 3 до 6 лет	Video streaming, Videostreaming, C++, MPEG-DASH, WebRTC, Websocket, HLS, RTMP, RTSP, SIP, Медиасервер, Потоковое вещание, realtime видео, Python
31296661	Инженер-программист C++ 1 категории	https://hh.ru/vacancy/31296661	C/C++	100000	100000	Группа промышленных компаний “Корпорация ТИРА”	Полный день	Полная занятость	От 3 до 6 лет	Qt/C++, MySQL, Linux
30396237	Software Developer (IntelliJ IDEA, VCS Integration)	https://hh.ru/vacancy/30396237	Программист	195000	195000	JetBrains	Гибкий график	Полная занятость	От 3 до 6 лет	
31568005	Инженер-программист (QNX)	https://hh.ru/vacancy/31568005	Программист	80000	80000	Технические Системы и Технологии	Полный день	Полная занятость	От 3 до 6 лет	
30234857	Инженер/технический писатель программного обеспечения (3 категория)	https://hh.ru/vacancy/30234857	Документация	37000	55000	Diakont	Полный день	Полная занятость	От 1 года до 3 лет	
31533322	Senior QA Engineer	https://hh.ru/vacancy/31533322	Тестировщик	130000	130000	APPNESS	Полный день	Полная занятость	От 3 до 6 лет	
31442927	Тестировщик ПО	https://hh.ru/vacancy/31442927	Тестировщик	45000	45000	О.Г.С. Руссия	Полный день	Полная занятость	От 1 года до 3 лет	Test case, Тестирование, Регресcионное тестирование, Функциональное тестирование, Linux, Agile Project Management, Bash, Python, SVN, Git, Нагрузочное тестирование, Модульное тестирование, Тестирование пользовательского интерфейса, Atlassian Jira, Atlassian Confluence
31097287	Специалист по цифровой/программной обработке аудио-сигнала	https://hh.ru/vacancy/31097287		69000	126000	ЭВРИКА, Санкт-Петербург	Полный день	Полная занятость	От 3 до 6 лет	
31567666	Data Engineer	https://hh.ru/vacancy/31567666	Data scientist	290000	290000	Volka Entertainment Limited	Полный день	Полная занятость	От 3 до 6 лет	
31556652	Project Manager / Проджект менеджер	https://hh.ru/vacancy/31556652	Team lead	80000	126000	Хедс анд Хендс	Полный день	Полная занятость	От 1 года до 3 лет	Управление проектами
31634612	Middle Software Engineer	https://hh.ru/vacancy/31634612	Программист	0	0	Рашн Чардж	Полный день	Полная занятость	От 3 до 6 лет	
31539665	Scrum Master	https://hh.ru/vacancy/31539665	Team lead	92000	92000	Зинович Наталья	Полный день	Полная занятость	От 3 до 6 лет	Деловая коммуникация, Организаторские навыки, Оптимизация бизнес-процессов, Управление командой, Бизнес-планирование, Управление интернет-проектами, Работа в команде, Управление проектами, Scrum
31455515	QA Automation Engineer - NOVA	https://hh.ru/vacancy/31455515	Тестировщик	207000	207000	Deutsche Bank Technology Center	Гибкий график	Полная занятость	От 3 до 6 лет	
31441164	QA Engineer	https://hh.ru/vacancy/31441164	Тестировщик	92000	92000	Виз Софтвэр Консалтинг	Полный день	Полная занятость	От 3 до 6 лет	
30406784	QA engineer по автоматизированному тестированию	https://hh.ru/vacancy/30406784	Тестировщик	0	172000	ДОСТАЕВСКИЙ	Полный день	Полная занятость	Более 6 лет	
31636044	Специалист IT-поддержки программных продуктов	https://hh.ru/vacancy/31636044	Техподдержка	50000	60000	ДОСТАЕВСКИЙ	Полный день	Полная занятость	От 1 года до 3 лет	
31589411	Junior QA engineer / Тестировщик	https://hh.ru/vacancy/31589411	Тестировщик	57000	57000	Staff-UP Consulting Group	Гибкий график	Полная занятость	От 1 года до 3 лет	
31605207	Senior QA engineer / Тестировщик	https://hh.ru/vacancy/31605207	Тестировщик	92000	92000	Staff-UP Consulting Group	Гибкий график	Полная занятость	От 1 года до 3 лет	
31439502	Системный программист (Linux)	https://hh.ru/vacancy/31439502	Программист	80000	80000	Мир Калкулэйт	Полный день	Полная занятость	От 1 года до 3 лет	Python, C++, Linux, Администрирование серверов Linux, XML, Системы контроля версий
31556598	IT or Games developer	https://hh.ru/vacancy/31556598	Программист	216000	216000	We Got Talent OY	Полный день	Полная занятость	От 3 до 6 лет	C#, Java, C++, OpenGL, 3D, 2D, Unity, JavaScript, Python, Английский язык, Game Programming, .NET Framework, Unreal Engine
31283740	Разработчик (JR) финансового программного обеспечения (SDJR04.1)	https://hh.ru/vacancy/31283740		40000	80000	ИнфоСтрой	Полный день	Полная занятость	От 1 года до 3 лет	Аналитическое мышление, Деловая коммуникация
31449610	Junior QA/ Младший тестировщик	https://hh.ru/vacancy/31449610	Тестировщик	40000	40000	АвтоТрансИнфо	Полный день	Полная занятость	Нет опыта	
30698934	Инженер-программист С++ (береговые системы)	https://hh.ru/vacancy/30698934	C/C++	140000	140000	Транзас	Гибкий график	Полная занятость	От 3 до 6 лет	C++, Git, Linux, Atlassian Jira, GUI
31414559	Программист	https://hh.ru/vacancy/31414559	Программист	103000	103000	СэтлСити	Полный день	Полная занятость	От 1 года до 3 лет	ASP.NET MVC, C#, MS SQL, API, WCF, MSMQ, ORM, LINQ, ASP.NET, 3D Home Architect, Xamarin
31602059	Configuration manager/Build engineer	https://hh.ru/vacancy/31602059	DevOps	115000	138000	НТЦ АРГУС	Гибкий график	Полная занятость	От 1 года до 3 лет	TeamCity, Git, Apache Maven, Linux, docker, Continuous Integration, Ansible
31622485	Инженер	https://hh.ru/vacancy/31622485		50000	75000	ИТГ	Полный день	Полная занятость	От 3 до 6 лет	2 группа по электробезопасности, Монтаж инженерных систем, Производство пусконаладочных работ, Инженерные системы, Пользователь ПК, Техническое обслуживание
28241979	Старший инженер-программист (OpenGL)	https://hh.ru/vacancy/28241979	Программист	140000	140000	Транзас	Полный день	Полная занятость	От 3 до 6 лет	C++, OpenGL, WebGL, Leaflet, Mapbox, вычислительная геометрия
31280530	Менеджер IT-проектов	https://hh.ru/vacancy/31280530	Team lead	126000	126000	Акваарт	Полный день	Полная занятость	От 1 года до 3 лет	
31246948	Ведущий договоров в производственно-технический сектор	https://hh.ru/vacancy/31246948		52000	57000	ЦНИИ РТК	Полный день	Полная занятость	От 3 до 6 лет	1С: Документооборот, 1С: Предприятие 8, Договоры поставки, Деловая коммуникация, Умение работать с техническими документами, Организаторские навыки, Заключение договоров, Работа в команде
30975541	Big Data инженер	https://hh.ru/vacancy/30975541	Data scientist	103000	103000	Специальный Технологический Центр	Гибкий график	Полная занятость	От 1 года до 3 лет	
31617377	Разработчик баз данных	https://hh.ru/vacancy/31617377	Базы данных	180000	180000	Сбербанк	Полный день	Полная занятость	От 1 года до 3 лет	
29785451	Ведущий инженер-программист (C/C++)	https://hh.ru/vacancy/29785451	C/C++	92000	115000	Специальный Технологический Центр	Полный день	Полная занятость	От 3 до 6 лет	C/C++, FPGA
31231045	Разработчик (интеграционная шина)	https://hh.ru/vacancy/31231045		70000	70000	Банк Оранжевый	Полный день	Полная занятость	От 1 года до 3 лет	Разработка ПО, HTML, SQL, XML, JavaScript
29440671	Программист С++ (DSP)	https://hh.ru/vacancy/29440671	C/C++	80000	161000	Специальный Технологический Центр	Полный день	Полная занятость	От 1 года до 3 лет	DSP, ЦОС, C++, Git, Bash
28837191	С++ Developer	https://hh.ru/vacancy/28837191	C/C++	161000	161000	Риал Тайм Технологии	Полный день	Полная занятость	От 3 до 6 лет	C++, Linux, Python
31494525	Инженер-программист	https://hh.ru/vacancy/31494525	Программист	80000	80000	НИИ Вектор	Полный день	Полная занятость	От 3 до 6 лет	
31601618	Специалист	https://hh.ru/vacancy/31601618		15000	15000	Санкт-Петербургский гарнизонный военный суд	Полный день	Полная занятость	Нет опыта	уверенный пользователь ПК, грамотная устная и письменная речь, внимательность, исполнительность
31548582	Ведущий программист микроконтроллеров	https://hh.ru/vacancy/31548582	Программист	42000	80000	НИЦ Радиотехники	Полный день	Полная занятость	От 3 до 6 лет	
31560600	Программист С++	https://hh.ru/vacancy/31560600	C/C++	80000	120000	Новел СПб	Полный день	Полная занятость	От 3 до 6 лет	C/C++, SQL, Windows API, STL, TCP/IP
23228664	Программист-Разработчик С/С++ для встраиваемых систем	https://hh.ru/vacancy/23228664	C/C++	115000	115000	Специальный Технологический Центр	Полный день	Полная занятость	От 3 до 6 лет	
30924735	Начальник отдела АХО	https://hh.ru/vacancy/30924735	Начальник отдела/лаборатории	65000	65000	Альфа-Лизинг	Полный день	Полная занятость	От 3 до 6 лет	Закупка товаров и услуг, Организация деловых поездок, Управление секретариатом, Управление бюджетом, Управление командой, Организация мероприятий, Организация рабочих мест, Работа с поставщиками, Инвентаризация, Работа с ТМЦ, Управление офисами компании, Административно-хозяйственная деятельность, Обеспечение жизнедеятельности офиса, Бюджетирование закупок, Управленческие навыки
31379618	Инженер-тестировщик	https://hh.ru/vacancy/31379618	Тестировщик	65000	78000	ВНИИРА	Полный день	Полная занятость	От 1 года до 3 лет	Тестирование, SQL, Linux, Python, C++, ORACLE
31599939	QA Engineer	https://hh.ru/vacancy/31599939	Тестировщик	115000	172000	Электронный бот	Полный день	Полная занятость	От 3 до 6 лет	
31256717	Старший инженер по тестированию	https://hh.ru/vacancy/31256717	Тестировщик	100000	100000	Bercut	Полный день	Полная занятость	От 3 до 6 лет	
31228343	Системный инженер (Linux)	https://hh.ru/vacancy/31228343	DevOps	69000	69000	SPRINTHOST	Сменный график	Полная занятость	От 1 года до 3 лет	Python, MySQL, Apache HTTP Server, Администрирование серверов Linux, Nginx, Bash, Linux, PostgreSQL, KVM, Docker, Ansible, Chef, CentOS, Git, Zabbix, Администрирование сетевого оборудования
30915913	Senior C++ Developer	https://hh.ru/vacancy/30915913	C/C++	207000	207000	Риал Тайм Технологии	Полный день	Полная занятость	От 3 до 6 лет	C++, Linux, Python, Git, Docker
31561381	Инженер по внедрению и поддержке Unix-систем	https://hh.ru/vacancy/31561381	DevOps	50000	50000	СевенТест, НТЦ	Гибкий график	Полная занятость	От 1 года до 3 лет	
31494722	Инженер-математик	https://hh.ru/vacancy/31494722	Научный сотрудник	80000	80000	НИИ Вектор	Полный день	Полная занятость	От 3 до 6 лет	
30996704	PL/pgSQL Developer / PostgreSQL DBA	https://hh.ru/vacancy/30996704	Базы данных	184000	184000	Риал Тайм Технологии	Полный день	Полная занятость	От 3 до 6 лет	PostgreSQL, PL/pgSQL, PHP, ClickHouse, Git, Docker
31586417	Разработчик ПО ( Python )	https://hh.ru/vacancy/31586417	Python	103000	103000	Ростелеком	Полный день	Полная занятость	От 1 года до 3 лет	
31226074	Реверс-инженер	https://hh.ru/vacancy/31226074		115000	230000	We are global Technology and Information Security Services provider.	Полный день	Полная занятость	От 1 года до 3 лет	
31551014	Инженер-программист 3 категории	https://hh.ru/vacancy/31551014	Программист	34000	34000	Петербургский Метрополитен, государственное унитарное предприятие	Полный день	Полная занятость	От 1 года до 3 лет	
31375959	Программист MSSQL - Разработчик ERP	https://hh.ru/vacancy/31375959	Базы данных	0	100000	НВХ РУС	Полный день	Полная занятость	От 1 года до 3 лет	ERP, MS SQL, MS Visual Basic, PowerScript, WMS, MES
31551821	Ведущий инженер-программист	https://hh.ru/vacancy/31551821	Программист	57000	57000	Петербургский Метрополитен, государственное унитарное предприятие	Полный день	Полная занятость	От 1 года до 3 лет	
31560053	Программист 3D графики (Mac и консоли)	https://hh.ru/vacancy/31560053	Программист	115000	115000	Elverils.LLC	Полный день	Полная занятость	От 3 до 6 лет	
31399015	Инженер-программист	https://hh.ru/vacancy/31399015	Программист	80000	80000	TopAssistant	Гибкий график	Полная занятость	Нет опыта	C++, Python, STL, Разработка ПО
29442133	Программист С++	https://hh.ru/vacancy/29442133	C/C++	80000	161000	Специальный Технологический Центр	Полный день	Полная занятость	От 1 года до 3 лет	DSP, ЦОС, STL
31383495	Разработчик распределенных систем	https://hh.ru/vacancy/31383495		100000	100000	Университет ИТМО	Полный день	Полная занятость	От 1 года до 3 лет	
31123100	Senior React Developer/Ведущий React разработчик	https://hh.ru/vacancy/31123100	Программист	120000	200000	ITGLOBAL.COM	Удаленная работа	Полная занятость	От 3 до 6 лет	
31553987	JS developer / программист (React.js)	https://hh.ru/vacancy/31553987	Программист	92000	172000	ZaKipish	Полный день	Полная занятость	От 1 года до 3 лет	JavaScript, HTML, CSS, Git, react.js
30999616	Senior QA engineer/ Ведущий инженер-тестировщик	https://hh.ru/vacancy/30999616	Тестировщик	172000	172000	«АНТ» ГРУППА КОМПАНИЙ	Гибкий график	Полная занятость	От 1 года до 3 лет	SQL, ORACLE, Linux, Solaris
31554279	Senior/Middle QA Engineer (automation)	https://hh.ru/vacancy/31554279	Тестировщик	80000	172000	the_covert	Гибкий график	Полная занятость	От 1 года до 3 лет	QA, Тестирование
31353144	Lead Ops engineer	https://hh.ru/vacancy/31353144	Team lead	300000	350000	Tango Me	Полный день	Полная занятость	Более 6 лет	Python, SaaS, Linux
31541773	QA Engineer	https://hh.ru/vacancy/31541773	Тестировщик	185000	185000	Ergeon	Удаленная работа	Полная занятость	От 3 до 6 лет	Английский язык, QA, Atlassian Jira, Git, CircleCI, Kanban
29488573	Главный специалист отдела информационной безопасности	https://hh.ru/vacancy/29488573		80000	103000	НИИ МАСШТАБ	Полный день	Полная занятость	От 3 до 6 лет	
31416306	Специалист по безопасности программного обеспечения	https://hh.ru/vacancy/31416306		46000	46000	АКУТА	Полный день	Полная занятость	От 1 года до 3 лет	Тестирование, code review, компиляция, аудит кода, Linux, Microsoft Visual Studio, GCC
28872942	Инженер-программист (навигационное обеспечение)	https://hh.ru/vacancy/28872942	Программист	80000	103000	Специальный Технологический Центр	Полный день	Полная занятость	От 1 года до 3 лет	DSP, C++, Математическая статистика
31455987	QA Engineer / Тестировщик ПО	https://hh.ru/vacancy/31455987	Тестировщик	75000	75000	Avansoft	Полный день	Полная занятость	От 1 года до 3 лет	
31359590	Системный инженер Linux	https://hh.ru/vacancy/31359590		69000	69000	ТаймВэб	Сменный график	Полная занятость	От 1 года до 3 лет	Linux, Администрирование серверов Linux, Zabbix, Puppet, KVM, Bash, SQL, Nginx, Apache HTTP Server, Git, MySQL
30301442	DevOps Engineer	https://hh.ru/vacancy/30301442	DevOps	138000	138000	Devim	Полный день	Полная занятость	От 1 года до 3 лет	
31120852	Программист	https://hh.ru/vacancy/31120852	Программист	70000	70000	Университет ИТМО	Полный день	Полная занятость	От 1 года до 3 лет	
31445727	UI Developer (Rider)	https://hh.ru/vacancy/31445727	Программист	207000	207000	JetBrains	Полный день	Полная занятость	От 3 до 6 лет	UI, Swing, Java, C#
29699433	Программист	https://hh.ru/vacancy/29699433	Программист	70000	70000	Морские Навигационные Системы	Гибкий график	Полная занятость	Более 6 лет	Linux, Git, Python, C/C++, Qt, Debian, Gnu/Linux, Gui на Qt4
29699460	Инженер-программист	https://hh.ru/vacancy/29699460	Программист	70000	90000	Морские Навигационные Системы	Гибкий график	Полная занятость	От 3 до 6 лет	Linux, Git, Python, C/C++, Qt, Debian, Gnu/Linux, Gui на Qt4
31309339	Программист Delphi	https://hh.ru/vacancy/31309339	Delphi	92000	92000	Наука	Полный день	Полная занятость	От 1 года до 3 лет	Delphi, C#, СУБД
31520864	PL/SQL разработчик	https://hh.ru/vacancy/31520864	Базы данных	138000	207000	Агентство 21 век, КЦ	Гибкий график	Полная занятость	От 3 до 6 лет	Oracle Pl/SQL, Linux
31475114	Junior QA Engineer / Тестировщик ПО (Стажер)	https://hh.ru/vacancy/31475114	Тестировщик	50000	50000	Avansoft	Полный день	Стажировка	Нет опыта	
31434112	Программист	https://hh.ru/vacancy/31434112	Программист	50000	50000	«Торговый дом «Амалтея»	Полный день	Полная занятость	От 1 года до 3 лет	
31513400	Инженер-программист	https://hh.ru/vacancy/31513400	Программист	60000	80000	Международный Кадровый Центр	Полный день	Полная занятость	От 1 года до 3 лет	Borland C++, C++, MS Visual C++, Linux, Разработка ПО, TCP/IP, C
29441784	Программист С++ / Системный программист	https://hh.ru/vacancy/29441784	C/C++	80000	161000	Специальный Технологический Центр	Полный день	Полная занятость	От 1 года до 3 лет	
31351328	Инженер по тестированию	https://hh.ru/vacancy/31351328	Тестировщик	69000	103000	Наука	Полный день	Полная занятость	От 1 года до 3 лет	Тестирование, QA, jMeter, Arquillian, Selenium IDE
31530015	Программист ABAP	https://hh.ru/vacancy/31530015	Программист	80000	120000	Отраслевой центр разработок и внедрения информационных систем / ОЦРВ	Полный день	Полная занятость	От 1 года до 3 лет	
30900583	Программист ГИС	https://hh.ru/vacancy/30900583	Программист	80000	80000	Наука	Полный день	Полная занятость	От 1 года до 3 лет	ArcGIS, QGIS, ГИС, ООП, СУБД, Delphi, C#
30965536	Программист С++	https://hh.ru/vacancy/30965536	C/C++	115000	115000	Специальный Технологический Центр	Полный день	Полная занятость	От 3 до 6 лет	
27942038	Разработчик распределенных систем хранения данных	https://hh.ru/vacancy/27942038		80000	80000	Университет ИТМО	Полный день	Полная занятость	От 1 года до 3 лет	
31455092	React разработчик	https://hh.ru/vacancy/31455092		69000	138000	Новые технологии	Удаленная работа	Полная занятость	От 1 года до 3 лет	React, Redux, Socket.io, Mocha, TypeScript, Next.js
31381109	Специалист отдела внедрения и сопровождения информационных систем	https://hh.ru/vacancy/31381109		40000	40000	Система управления мероприятием №1	Полный день	Полная занятость	От 1 года до 3 лет	HTML, CSS, SQL, CRM, Постановка задач разработчикам, Тестирование, ООП, MS Office
31463565	Технический писатель	https://hh.ru/vacancy/31463565	Документация	46000	46000	Импульс-Автоматика	Полный день	Полная занятость	От 1 года до 3 лет	
30390959	Программист	https://hh.ru/vacancy/30390959	Программист	0	115000	Intratool	Полный день	Полная занятость	От 1 года до 3 лет	
31328938	Инженер-программист АСУ ТП	https://hh.ru/vacancy/31328938	Программист	63000	69000	Армия Кадров	Полный день	Полная занятость	От 1 года до 3 лет	
30652278	Ведущий программист	https://hh.ru/vacancy/30652278	Программист	120000	120000	Университет ИТМО	Полный день	Полная занятость	От 3 до 6 лет	
31510948	Стажер производственного отдела	https://hh.ru/vacancy/31510948	Стажер	17000	17000	БСХ Бытовые Приборы	Гибкий график	Стажировка	Нет опыта	
31505123	QA специалист	https://hh.ru/vacancy/31505123	Тестировщик	80000	115000	Бин64	Полный день	Полная занятость	От 1 года до 3 лет	
31501873	Lead Overseas Accountant (LOA) (Eng)	https://hh.ru/vacancy/31501873	Team lead	0	80000	Arloid Group LLC	Полный день	Полная занятость	От 1 года до 3 лет	bookkeeping, Accounting
31490835	Инженер-программист	https://hh.ru/vacancy/31490835	Программист	57000	57000	Специальный Технологический Центр	Полный день	Полная занятость	От 1 года до 3 лет	STM32
31419236	Инженер-тестировщик	https://hh.ru/vacancy/31419236	Тестировщик	80000	140000	Шпак Виктория Сергеевна	Гибкий график	Полная занятость	От 3 до 6 лет	Нагрузочное тестирование, Проведение тестирований, Функциональное тестирование, Unit Testing, Test case
31420176	C++ developer in Berlin	https://hh.ru/vacancy/31420176	C/C++	450000	720000	think-cell	Полный день	Полная занятость	От 1 года до 3 лет	C/C++
31448596	Менеджер IT-проектов	https://hh.ru/vacancy/31448596	Team lead	57000	57000	АЕС Системы	Гибкий график	Полная занятость	От 1 года до 3 лет	
15737951	Программист С/Asm	https://hh.ru/vacancy/15737951	Программист	115000	115000	Специальный Технологический Центр	Полный день	Полная занятость	От 3 до 6 лет	
28590458	Инженер	https://hh.ru/vacancy/28590458		69000	69000	Специальный Технологический Центр	Полный день	Полная занятость	От 1 года до 3 лет	
29699419	Ведущий программист	https://hh.ru/vacancy/29699419	Программист	100000	150000	Морские Навигационные Системы	Гибкий график	Полная занятость	От 3 до 6 лет	Администрирование серверов Linux, Linux, Python, Git, Debian GNU/Linux, Gui yf Qt4, Linux/C/C++
31475606	Junior Developer	https://hh.ru/vacancy/31475606	Программист	23000	23000	DDG	Полный день	Полная занятость	Нет опыта	ООП, SQL, Linux
31229764	Senior C++ developer (ReSharperC++/Rider C++)	https://hh.ru/vacancy/31229764	C/C++	230000	230000	JetBrains	Полный день	Полная занятость	От 3 до 6 лет	C++, C#, Java, CLI, Rider, ReSharper, unreal engine
31110309	Junior QA Automation Engineer	https://hh.ru/vacancy/31110309	Тестировщик	69000	103000	Veeam Software	Гибкий график	Полная занятость	Нет опыта	PowerShell, Python, Perl, Groovy, C#, Администрирование серверов Windows, QA, QA Automation
31158185	Тестировщик в отдел Services	https://hh.ru/vacancy/31158185	Тестировщик	60000	60000	Bercut	Полный день	Полная занятость	От 1 года до 3 лет	
29151386	Инженер-программист С/С++	https://hh.ru/vacancy/29151386	C/C++	69000	126000	Специальный Технологический Центр	Полный день	Полная занятость	От 1 года до 3 лет	
31466918	Инженер-программист	https://hh.ru/vacancy/31466918	Программист	92000	92000	Ростелеком	Полный день	Полная занятость	От 1 года до 3 лет	
31403336	DevOps - системный инженер	https://hh.ru/vacancy/31403336	DevOps	63000	115000	АКУТА	Полный день	Полная занятость	От 1 года до 3 лет	Git, Linux, Bash, devops
31468397	Ведущий инженер по обнаружению уязвимости	https://hh.ru/vacancy/31468397		96000	289000	Крупная азиатская IT компания	Полный день	Полная занятость	От 1 года до 3 лет	C/C++, Assembler, ARM, Instructions Set, PHP, Linux, Android, FUZZING, Java, MIPS, IoT, реверс-инжиниринг
28302010	Senior Software Developer (dotCover)	https://hh.ru/vacancy/28302010	Программист	230000	230000	JetBrains	Гибкий график	Полная занятость	От 3 до 6 лет	
31466349	Head of Engineering	https://hh.ru/vacancy/31466349		350000	400000	Tango Me	Полный день	Полная занятость	Более 6 лет	
31440405	Chief Technology Officer (CTO)	https://hh.ru/vacancy/31440405	Начальник отдела/лаборатории	0	460000	Arloid Group LLC	Полный день	Полная занятость	Более 6 лет	IT Technology, Business Management
31429544	Инженер-программист АСУ ТП	https://hh.ru/vacancy/31429544	Программист	100000	100000	Единый Центр Кадров	Полный день	Полная занятость	От 3 до 6 лет	Simatic WinCC flexible, STEP-7, TIA-Portal, InTouch, Управление проектами, Английский язык
17217849	Системный программист	https://hh.ru/vacancy/17217849	Программист	115000	115000	Специальный Технологический Центр	Полный день	Полная занятость	От 3 до 6 лет	
31439784	Специалист по тестированию ПО	https://hh.ru/vacancy/31439784	Тестировщик	123000	123000	Сбербанк	Полный день	Полная занятость	От 1 года до 3 лет	
31416031	Инженер-программист 1 категории сектора информационно-технологических систем отдела АСУ ТП	https://hh.ru/vacancy/31416031	Программист	0	87000	Транснефть - Балтика	Полный день	Полная занятость	От 3 до 6 лет	
31292753	QA Junior	https://hh.ru/vacancy/31292753	Тестировщик	34000	46000	FutureComes	Полный день	Полная занятость	Нет опыта	QA, Тестирование, CSS, Java, C#, HTML, XML
31399544	Старший инженер разработки средств связи, гидрографии и навигации (сектор программного обеспечения)	https://hh.ru/vacancy/31399544		70000	75000	Арт-Рекрутинг	Полный день	Полная занятость	От 1 года до 3 лет	
31336453	Специалист по тестированию	https://hh.ru/vacancy/31336453	Тестировщик	46000	80000	ГК Д.А. Консалт	Удаленная работа	Полная занятость	От 1 года до 3 лет	
27374188	Senior C++ Developer	https://hh.ru/vacancy/27374188	C/C++	230000	230000	JetBrains	Гибкий график	Полная занятость	От 3 до 6 лет	
29464603	C++ Windows Developer (Toolbox App)	https://hh.ru/vacancy/29464603	C/C++	207000	207000	JetBrains	Полный день	Полная занятость	От 3 до 6 лет	
31343900	QA Engineer	https://hh.ru/vacancy/31343900	Тестировщик	45000	96000	Welltory	Полный день	Полная занятость	От 1 года до 3 лет	QA, Test case, Регрессионное тестирование, Тестирование, Функциональное тестирование, Тестирование пользовательского интерфейса, Quality Control
30946244	Ведущий инженер-программист АСУ ТП	https://hh.ru/vacancy/30946244	Программист	0	115000	Intratool	Полный день	Полная занятость	От 3 до 6 лет	
31364469	Software Engineer (JVM Runtime)	https://hh.ru/vacancy/31364469	Программист	230000	230000	JetBrains	Полный день	Полная занятость	От 3 до 6 лет	
31280066	Ведущий разработчик-программист С++ (С/С++)	https://hh.ru/vacancy/31280066	C/C++	86000	155000	АКУТА	Полный день	Полная занятость	От 1 года до 3 лет	Linux, C++
18562648	Senior Software Developer (IntelliJ IDEA)	https://hh.ru/vacancy/18562648	Программист	200000	200000	JetBrains	Гибкий график	Полная занятость	От 3 до 6 лет	
26802677	Senior Software Developer (AppCode)	https://hh.ru/vacancy/26802677	Программист	230000	230000	JetBrains	Гибкий график	Полная занятость	От 3 до 6 лет	
27975423	Software Developer (AppCode)	https://hh.ru/vacancy/27975423	Программист	207000	207000	JetBrains	Гибкий график	Полная занятость	От 1 года до 3 лет	
31385210	Программист-разработчик	https://hh.ru/vacancy/31385210	Программист	100000	100000	Евросиб	Полный день	Полная занятость	От 1 года до 3 лет	
27086886	Senior Test Engineer (IntelliJ IDEA)	https://hh.ru/vacancy/27086886	Тестировщик	172000	172000	JetBrains	Полный день	Полная занятость	От 3 до 6 лет	
30951742	Инженер (1 категории)	https://hh.ru/vacancy/30951742		40000	40000	Группа промышленных компаний “Корпорация ТИРА”	Полный день	Полная занятость	От 1 года до 3 лет	
31359791	Программист	https://hh.ru/vacancy/31359791	Программист	80000	80000	НИНТЕГРА	Полный день	Полная занятость	От 3 до 6 лет	Delphi, MySQL, SQL, PostgreSQL, XML, ООП, SVN, FastReport, Developer Express
31329522	Delphi разработчик	https://hh.ru/vacancy/31329522	Delphi	92000	138000	Searchinform	Полный день	Полная занятость	От 3 до 6 лет	
22056926	Senior Software Developer (PyCharm)	https://hh.ru/vacancy/22056926	Программист	207000	207000	JetBrains	Полный день	Полная занятость	От 3 до 6 лет	Java, Python
30138659	Full-stack разработчик	https://hh.ru/vacancy/30138659		115000	115000	Федеральное Агентство Новостей	Полный день	Полная занятость	От 3 до 6 лет	Vuejs 2.x, HTML5, CSS3, Git, Ajax, Websocket, PHP7, Laravel, Symfony
30446908	Senior QA Engineer (GoLand)	https://hh.ru/vacancy/30446908	Тестировщик	172000	172000	JetBrains	Полный день	Полная занятость	От 3 до 6 лет	
31333043	Автоматизатор тестирования Phyton (QA Automation Engineer)	https://hh.ru/vacancy/31333043	Тестировщик	0	92000	Кошелек.Ру	Гибкий график	Полная занятость	От 1 года до 3 лет	Тестирование, Тестирование пользовательского интерфейса, Test case, JMeter, Apache, Selenium IDE, Jmeter, Black box testing, QA, Compatibility Testing, A/B тесты, Нагрузочное тестирование, Разработка тестов, опросников, Регресcионное тестирование, Beta-тестирования, blockchain, Bitcoin, Регресионное тестирование, Функциональное тестирование, Phyton, TestRails, Проведение тестирований, Atlassian Jira
31394306	Тестировщик/QA Engineer	https://hh.ru/vacancy/31394306	Тестировщик	0	75000	Овчаренко М.Ю	Удаленная работа	Полная занятость	От 3 до 6 лет	Тестирование, Функциональное тестирование, Linux, Git, Windows 7, Mac Os, Тестирование пользовательского интерфейса, VMware
31226648	Software Developer (Rider)	https://hh.ru/vacancy/31226648	Программист	230000	230000	JetBrains	Гибкий график	Полная занятость	От 3 до 6 лет	C#, .NET Framework, ASP.NET, Java, .net core, Unity, kotlin
28375298	Senior Software Developer (CLion: Debuggers Support)	https://hh.ru/vacancy/28375298	Программист	230000	230000	JetBrains	Гибкий график	Полная занятость	От 3 до 6 лет	Java, C++, GDB, LLDB, Swing
31329517	Программист С++/Драйверист	https://hh.ru/vacancy/31329517	C/C++	115000	172000	Searchinform	Гибкий график	Полная занятость	От 3 до 6 лет	
30795539	Senior Software Developer (CLion: Build Systems Support)	https://hh.ru/vacancy/30795539	Программист	230000	230000	JetBrains	Гибкий график	Полная занятость	От 3 до 6 лет	
31326123	Программист	https://hh.ru/vacancy/31326123	Программист	68000	324000	Dev in CZ	Полный день	Полная занятость	Нет опыта	C#, AngularJS, Java, CSS, C++, Vue, JSON, HTML, Node.js, React, Kotlin, Adobe Photoshop, TypeScript, jQuery, JavaScript, MySQL, PHP, Objective-C, API
30893755	Senior Software Developer (MPS)	https://hh.ru/vacancy/30893755	Программист	230000	230000	JetBrains	Полный день	Полная занятость	От 3 до 6 лет	
30225669	Support Engineer (Rider)	https://hh.ru/vacancy/30225669	Техподдержка	149000	149000	JetBrains	Полный день	Полная занятость	От 1 года до 3 лет	
26473750	QA Engineer (New Product)	https://hh.ru/vacancy/26473750	Тестировщик	184000	184000	JetBrains	Полный день	Полная занятость	От 3 до 6 лет	
26260777	Senior QA Engineer (Rider)	https://hh.ru/vacancy/26260777	Тестировщик	161000	161000	JetBrains	Полный день	Полная занятость	От 3 до 6 лет	
29808587	Инженер	https://hh.ru/vacancy/29808587		45000	50000	Морские Навигационные Системы	Полный день	Полная занятость	От 3 до 6 лет	
31297411	Инженер-программист	https://hh.ru/vacancy/31297411	Программист	50000	85000	Концерн НПО Аврора	Полный день	Полная занятость	От 3 до 6 лет	QNX, C/C++
30869617	Senior JS Developer	https://hh.ru/vacancy/30869617	Программист	172000	172000	Devim	Полный день	Полная занятость	От 3 до 6 лет	JavaScript, React
30424526	Senior Software Developer (ReSharper - Perfomance)	https://hh.ru/vacancy/30424526	Программист	230000	230000	JetBrains	Полный день	Полная занятость	От 3 до 6 лет	
26448698	Senior Software Developer (ReSharper)	https://hh.ru/vacancy/26448698	Программист	230000	230000	JetBrains	Полный день	Полная занятость	От 3 до 6 лет	
28206107	Support Engineer (PyCharm)	https://hh.ru/vacancy/28206107	Техподдержка	149000	149000	JetBrains	Полный день	Полная занятость	От 1 года до 3 лет	Python, Customer Support, Django Framework
30420548	Fullstack разработчик Linux	https://hh.ru/vacancy/30420548	Программист	57000	57000	СевенТест, НТЦ	Гибкий график	Полная занятость	От 1 года до 3 лет	
31292783	QA engineer (PyCharm)	https://hh.ru/vacancy/31292783	Тестировщик	150000	150000	JetBrains	Полный день	Полная занятость	От 3 до 6 лет	
26949603	Software Engineer (IntelliJ IDEA: Profilers Support)	https://hh.ru/vacancy/26949603	Программист	230000	230000	JetBrains	Полный день	Полная занятость	От 3 до 6 лет	
31284271	Специалист отдела документационного обеспечения	https://hh.ru/vacancy/31284271	Документация	0	37000	ПетроЭнергоКонтроль	Полный день	Полная занятость	От 3 до 6 лет	Делопроизводство, Документооборот, Административная поддержка руководителя, Контроль исполнения  решений, MS Office, 1С: Документооборот, входящая документация, Исходящая документация, Внутренняя документация, Электронный документооборот
31347444	Специалист по тестированию	https://hh.ru/vacancy/31347444	Тестировщик	46000	115000	Артеко	Удаленная работа	Проектная работа	От 3 до 6 лет	Тестирование, Работа с системами аналитики, SQL, Test case, Тестирование пользовательского интерфейса, Функциональное тестирование, Разработка технических заданий
30366004	Инженер-программист (разработчик БД)	https://hh.ru/vacancy/30366004	Программист	65000	65000	КАРАВАЙ, группа компаний	Полный день	Полная занятость	От 1 года до 3 лет	
31664005	Официант	https://hh.ru/vacancy/31664005		29000	40000	Кофейня Разговоры	Сменный график	Полная занятость	Нет опыта	Коммуникабельность
31664325	Программист С++	https://hh.ru/vacancy/31664325	C/C++	92000	149000	Searchinform	Полный день	Полная занятость	Более 6 лет	
31446081	DevOps инженер	https://hh.ru/vacancy/31446081	DevOps	120000	120000	KMA.BIZ	Полный день	Полная занятость	От 1 года до 3 лет	
31675438	Разработчик в области компьютерного зрения (computer vision)	https://hh.ru/vacancy/31675438	СТЗ	120000	120000	M-soft	Удаленная работа	Частичная занятость	От 3 до 6 лет	OpenCV, Python, Java, Computer vision
30787806	Team Lead DBA (Postgres)	https://hh.ru/vacancy/30787806	Team lead	120000	200000	Fortis	Полный день	Полная занятость	От 3 до 6 лет	
31708154	Младший научный сотрудник	https://hh.ru/vacancy/31708154	Научный сотрудник	12000	80000	ВНИИПД-Филиал ФГБНУ ФНЦ пищевых систем им В.М.Горбатова РАН	Полный день	Полная занятость	От 3 до 6 лет	Организаторские способности, навыки планирования, распределения ресурсов, ведения проектов;, Аналитические способности, генерация идей, стратегическое мышление
31674827	Научный сотрудник PostDoc (Нанофотоника, плазмоника)	https://hh.ru/vacancy/31674827	Научный сотрудник	115000	115000	Университет ИТМО	Полный день	Полная занятость	От 3 до 6 лет	COMSOL, Физика, Написание научных статей, Научная деятельность, Научные исследования, Английский язык
31689760	Разработчик в сфере Информационной безопасности (Team Lead)	https://hh.ru/vacancy/31689760	Team lead	140000	140000	Акрибия	Полный день	Полная занятость	От 3 до 6 лет	Python, Django Framework, Информационная безопасность
31674787	Научный сотрудник PostDoc (Беспроводная передача энергии)	https://hh.ru/vacancy/31674787	Научный сотрудник	115000	115000	Университет ИТМО	Полный день	Полная занятость	От 3 до 6 лет	Схемотехника электронного оборудования, Английский язык, Радиофизика, СВЧ-устройства, Антенная техника
31672872	Бригада монолитчиков	https://hh.ru/vacancy/31672872		50000	50000	Алгоритм	Полный день	Полная занятость	От 3 до 6 лет	
31746151	Инженер-программист	https://hh.ru/vacancy/31746151	Программист	40000	40000	КБ Арсенал	Полный день	Полная занятость	От 1 года до 3 лет	C/C++, Qt, PostgreSQL, Linux, QT Creator
31747144	Ведущий инженер	https://hh.ru/vacancy/31747144		63000	63000	КБ Арсенал	Полный день	Полная занятость	Более 6 лет	CorelDRAW, C/C++, Проектно-конструкторская деятельность
31731442	Программист Python	https://hh.ru/vacancy/31731442	Python	172000	287000	Star-staff	Полный день	Полная занятость	От 3 до 6 лет	
31731164	Python developer	https://hh.ru/vacancy/31731164	Python	138000	230000	Star-staff	Полный день	Полная занятость	От 1 года до 3 лет	
31674895	Научный сотрудник PostDoc (Микроволновые метаматериалы и метаповерхности)	https://hh.ru/vacancy/31674895	Научный сотрудник	115000	115000	Университет ИТМО	Полный день	Полная занятость	От 3 до 6 лет	COMSOL, Microwaves, Нанотехнологии, Метаматериалы, Физика, Микроволны
31691202	Программист Python	https://hh.ru/vacancy/31691202	Python	138000	138000	Osla	Полный день	Полная занятость	От 3 до 6 лет	Git, Python, PostgreSQL, REST, Django Framework
31707529	Заведующий лабораторией	https://hh.ru/vacancy/31707529		30000	30000	ВНИИПД-Филиал ФГБНУ ФНЦ пищевых систем им В.М.Горбатова РАН	Полный день	Полная занятость	Более 6 лет	Организаторские способности, навыки планирования, распределения ресурсов, ведения проектов
31688095	Программист C/С++	https://hh.ru/vacancy/31688095	C/C++	40000	110000	Межгосударственная Акционерная Корпорация Вымпел	Полный день	Полная занятость	От 1 года до 3 лет	Qt, прикладная математика и физика
31689675	Лаборант-исследователь	https://hh.ru/vacancy/31689675	Научный сотрудник	23000	23000	ФБУ Санкт-Петербургский научно-исследовательский институт лесного хозяйства	Полный день	Полная занятость	От 1 года до 3 лет	
31748027	Начальник сектора	https://hh.ru/vacancy/31748027		92000	92000	КБ Арсенал	Полный день	Полная занятость	От 1 года до 3 лет	MS Project, CorelDRAW, MS Office, Проектно-конструкторская деятельность
31710797	Full Stack разработчик Python	https://hh.ru/vacancy/31710797	Python	0	130000	Заубер Банк	Полный день	Полная занятость	От 3 до 6 лет	
31692018	Заместитель начальника отдела экологического проектирования	https://hh.ru/vacancy/31692018	Начальник отдела/лаборатории	0	69000	АльянсПрофЭко	Полный день	Полная занятость	Более 6 лет	
31746992	QA Engineer	https://hh.ru/vacancy/31746992	Тестировщик	103000	103000	4xxi	Удаленная работа	Полная занятость	От 1 года до 3 лет	Тестирование ПО, Контроль качества, Работа в команде, Scrum, Kanban, Автоматизация, тестирование мобильных приложений, Linux, Ubuntu, Git, Jenkins
31673496	FullStack разработчик	https://hh.ru/vacancy/31673496	Программист	80000	126000	ПКАСКО	Полный день	Полная занятость	От 3 до 6 лет	PHP5, PHP7, HTML5, CSS3, JavaScript, jQuery, MySQL, API, Git, Mercurial
31738284	Head of Media Buying	https://hh.ru/vacancy/31738284		207000	207000	Смарт Лайн	Гибкий график	Полная занятость	От 3 до 6 лет	CPA, CPC, Affiliate, B2B маркетинг, Интернет-реклама, Управление командой, Маркетинговые коммуникации, BTL, Управление проектами, Обучение персонала, Оптимизация бизнес-процессов, Internet Marketing
31707936	Разработчик драйверов Linux (Junior)	https://hh.ru/vacancy/31707936		69000	103000	НТЦ Метротек	Гибкий график	Полная занятость	От 1 года до 3 лет	Разработка ПО, Linux, Linux Kernel, Device Drivers, Networking, Python, Bash, Git
31707276	Системный программист Linux	https://hh.ru/vacancy/31707276	Программист	92000	149000	НТЦ Метротек	Гибкий график	Полная занятость	От 3 до 6 лет	Разработка ПО, Linux, Linux Kernel, Device Drivers, Networking, Python, Bash, Git
31714247	Инженер-программист	https://hh.ru/vacancy/31714247	Программист	0	100000	Электронные системы	Полный день	Полная занятость	От 3 до 6 лет	T-SQL, С++, C#, TCP/IP, UDP, VCF, CLR
31738024	Ведущий методолог	https://hh.ru/vacancy/31738024		92000	92000	Юлмарт	Полный день	Полная занятость	Более 6 лет	
31702578	Разработчик FPGA (ПЛИС)	https://hh.ru/vacancy/31702578		92000	149000	НТЦ Метротек	Гибкий график	Полная занятость	От 3 до 6 лет	FPGA, ПЛИС, Networking
31691436	Заместитель руководителя отдела маркетинга	https://hh.ru/vacancy/31691436	Начальник отдела/лаборатории	86000	92000	Компания ФАКТ	Полный день	Полная занятость	От 3 до 6 лет	активная жизненная позиция, Креативность, стремление к саморазвитию, структурность мышления, Аналитический склад ума, Инициативность
31734444	Ведущий инженер	https://hh.ru/vacancy/31734444		36000	53000	ЛокоТех	Полный день	Полная занятость	От 3 до 6 лет	
31731679	HR Generalist	https://hh.ru/vacancy/31731679		80000	80000	ХУН-ФУ НОВЫЙ СИТИ	Полный день	Полная занятость	От 3 до 6 лет	
31007714	DevOps инженер по работе с базами данных	https://hh.ru/vacancy/31007714	DevOps	149000	149000	Selectel	Гибкий график	Полная занятость	От 1 года до 3 лет	PostgreSQL, MySQL, Ansible, Python, Linux
31726499	Лаборант химического анализа	https://hh.ru/vacancy/31726499		46000	46000	Марконфлекс	Полный день	Полная занятость	От 3 до 6 лет	
31729892	Ведущий специалист по нагрузочному тестированию	https://hh.ru/vacancy/31729892	Тестировщик	115000	115000	ДжейТи консалтинг	Полный день	Полная занятость	От 3 до 6 лет	Performance testing, Нагрузочное тестирование, Тестирование, Функциональное тестирование, Тестирование пользовательского интерфейса, Регресионное тестирование, QA, SQL
31721148	Докер-механизатор	https://hh.ru/vacancy/31721148		44000	60000	Модуль	Полный день	Полная занятость	От 3 до 6 лет	
31678972	Радиоинженер	https://hh.ru/vacancy/31678972		70000	100000	Фирма НИТА	Полный день	Полная занятость	От 3 до 6 лет	
31696248	Специалист по противодействию иностранным техническим разведкам и защите информации	https://hh.ru/vacancy/31696248	Документация	57000	57000	Специальный Технологический Центр	Полный день	Полная занятость	От 1 года до 3 лет	
31691163	Ведущий инженер	https://hh.ru/vacancy/31691163		52000	52000	ЦНИИ РТК	Полный день	Полная занятость	От 3 до 6 лет	
31705427	Специалист по бронированию авиаперевозок	https://hh.ru/vacancy/31705427		46000	80000	OneTwoTrip	Гибкий график	Полная занятость	От 3 до 6 лет	Сирена, Galileo, Amadeus, Sabre, Gabriel
31696574	Инженер-программист (разработчик БД)	https://hh.ru/vacancy/31696574	Программист	69000	69000	КАРАВАЙ, группа компаний	Полный день	Полная занятость	От 1 года до 3 лет	
31680574	Начальник технологического бюро	https://hh.ru/vacancy/31680574		0	70000	Красный октябрь	Полный день	Полная занятость	От 3 до 6 лет	
31673959	Специалист по IT	https://hh.ru/vacancy/31673959		34000	57000	Делис Нева	Полный день	Полная занятость	От 1 года до 3 лет	Администрирование, Администрирование серверов Windows, Администрирование сетевого оборудования, Настройка сетевых подключений, Настройка серверов, Настройка ПК, Администрирование серверов, MS Excel, Total Commander, Настройка ПО, Электронный архив
31689461	Зубной техник	https://hh.ru/vacancy/31689461		40000	100000	ДентаЛиК	Полный день	Полная занятость	От 1 года до 3 лет	
31689896	Инженер-сметчик	https://hh.ru/vacancy/31689896		52000	57000	Nord Company, Санкт-Петербург	Полный день	Полная занятость	От 1 года до 3 лет	
31690051	Начальник склада (косметика)	https://hh.ru/vacancy/31690051		57000	69000	MISSHA	Полный день	Полная занятость	От 3 до 6 лет	
31687734	Начальник цеха металлоконструкций	https://hh.ru/vacancy/31687734		80000	80000	Новые Локомотивные Технологии	Полный день	Полная занятость	От 3 до 6 лет	Руководство коллективом, Монтаж металлоконструкций, 1С: Комплексная автоматизация, Обучение персонала, Бизнес-планирование, Мотивация персонала
31684213	Машинист компрессорных установок (Машинист КУ) г.Выборг	https://hh.ru/vacancy/31684213		36000	36000	ANCOR Industry	Полный день	Полная занятость	От 3 до 6 лет	
31675594	Начальник склада	https://hh.ru/vacancy/31675594		57000	69000	ТехноКлип	Полный день	Полная занятость	От 3 до 6 лет	Работа в команде, Пользователь ПК, Складской Учет, Складской документооборот, Складское ПО, Автоматизация склада, Организаторские навыки, Руководство коллективом, Материальная ответственность, MS Word, MS Excel, 1С: Склад, ERP
31116075	Ведущий программист-разработчик	https://hh.ru/vacancy/31116075	Программист	115000	115000	Простор Телеком	Полный день	Полная занятость	От 3 до 6 лет	IP-сети, Cisco, NixOS, Java, PHP, ORACLE, MySQL, mssql, clickhouse, Redis, MongoDB, JS, .NET, IIS
31486302	Senior QA Automation Engineer	https://hh.ru/vacancy/31486302	Тестировщик	120000	120000	Транзас	Полный день	Полная занятость	От 3 до 6 лет	Selenium IDE, Robot Framework, Protractor, Cypress.io, NUnit, Тестирование, JavaScript, Python, C#, ReportPortal, Allure
31552788	Воспитатель в частный реджио детский сад	https://hh.ru/vacancy/31552788		34000	34000	Чик-Чирик	Полный день	Полная занятость	От 1 года до 3 лет	
31748536	Инженер-программист	https://hh.ru/vacancy/31748536	Программист	40000	40000	КБ Арсенал	Полный день	Полная занятость	От 1 года до 3 лет	C/C++, Visual Studio, Builder C++
31707385	Разработчик драйверов Linux	https://hh.ru/vacancy/31707385		138000	138000	НТЦ Метротек	Гибкий график	Полная занятость	От 3 до 6 лет	Разработка ПО, Linux, Linux Kernel, Device Drivers, Networking, Python, Bash, Git
31709185	Менеджер доставки	https://hh.ru/vacancy/31709185		34000	34000	DEL MAR	Полный день	Полная занятость	От 1 года до 3 лет	
31749219	Начальник лаборатории радиационного контроля	https://hh.ru/vacancy/31749219	Начальник отдела/лаборатории	75000	75000	Би Питрон Групп	Полный день	Полная занятость	От 3 до 6 лет	
31751636	Инженер-программист микроконтроллеров	https://hh.ru/vacancy/31751636	Программист	80000	161000	i-FREE	Полный день	Полная занятость	От 1 года до 3 лет	C++, ARM
31753490	Стажер дирекции по информационным технологиям	https://hh.ru/vacancy/31753490	Стажер	20000	20000	Группа «Илим»	Полный день	Полная занятость	Нет опыта	
31752221	Process Engineer, Saint Petersburg	https://hh.ru/vacancy/31752221		75000	75000	Procter & Gamble	Полный день	Полная занятость	Нет опыта	
31751992	Машинист автогидроподъёмника	https://hh.ru/vacancy/31751992		57000	57000	ГУП Леноблводоканал	Полный день	Полная занятость	От 3 до 6 лет	
31750067	Ученик токаря револьверщика	https://hh.ru/vacancy/31750067		23000	23000	Звезда	Полный день	Полная занятость	Нет опыта	
31750000	Ученик токаря	https://hh.ru/vacancy/31750000		23000	23000	Звезда	Полный день	Полная занятость	Нет опыта	
31749659	Ученик слесаря механосборочных работ	https://hh.ru/vacancy/31749659		23000	23000	Звезда	Полный день	Полная занятость	Нет опыта	
31754986	Python-разработчик	https://hh.ru/vacancy/31754986	Python	100000	120000	ТехноНИКОЛЬ	Полный день	Полная занятость	От 3 до 6 лет	Работа в команде, Серверное программирование
